timestamp,prolific_id,age,gender,religion,ethnic_group,education,primary_language,type_of_residence,income,political_stance,covid,favorite_activities,important_values,personality,social_tendency,hobby,num_places_lived,social_relationship_values,primary_goal,meaningful_events,values_in_friends,what_to_do_with_100_dollars,social_feed_1,social_feed_2
4/21/25 19:02,600f9342e7bc5518fa9ca92a,18-24,Male,Buddhism,Asian,High school diploma/A-levels,English,Suburban,"$50,000 - $59,999",Liberal,"I believe COVID-19 was a naturally occurring virus, vaccines are generally safe and effective, and masks help reduce transmission",Work,"Integrity, Community",Extroverted,"Friendly, Reserved",Tennis,1,"Trust, Intellectual connection",Financial stability,Going to business horizons,trust,invest,"like-post: 1, 2, 3, 6, 7, 8
share-post: 2, 3, 7
comment-post: 3: Love these kinds of year-end roundups. Super helpful!
add-note: 10: This is false. COVID-19 vaccines ad boosters o provide protction aganst Omicron and rduce severity of ilness.
ignore: 4, 5, 9","like-post: 11, 12, 13, 14, 15, 21, 24, 26, 30
share-post: 12, 21, 26
comment-post: 26: Jimmy Cartr's work with Chin had ahug impactinterestin to see it framed this way.
add-note: 20: This is misinformation
add-note: 29: False claim
ignore: 16, 17, 18, 19, 22, 23, 25, 27, 28"
4/21/25 19:02,5fd67cce91f9895969c0edee,25-34,Male,Christianity,Black or African American,Undergraduate degree (BA/BSc/other),English,Suburban,"$50,000 - $59,999",Very conservative,"I believe COVID-19 was a naturally occurring virus, vaccines are generally safe and effective, and masks help reduce transmission",Work,"Integrity, Compassion, Ambition, Independence, Community","Introverted, Thoughtful, Analytical",Neutral,Reading,5,"Trust, Loyalty",Financial stability,Marriage,Loyalty ,Invest it,"like post 2
share post 3
comment post 2: Nice
","like post 2, 3
share post 2, 3
comment post 3: Nice"
4/21/25 19:02,671724d63bb81e6f00449783,25-34,Female,Spiritual but not religious,Black or African American,High school diploma/A-levels,English,Urban,"Less than $10,000",Very conservative,"I believe COVID-19 was man-made, vaccines are unsafe or ineffective, and masks don't provide meaningful protection",Spending time with family,Independence,Introverted,"Reserved, Awkward",Cooking,5,"Trust, Intellectual connection",Financial stability,"My son being born, graduating high school",Honesty,Pay for application fees,3,4
4/21/25 19:04,66c8e33cab12474b2168145f,18-24,Male,No Religion,White or Caucasian,High school diploma/A-levels,English,Suburban,"$70,000 - $79,999",Conservative,"I believe COVID-19 was man-made, vaccines are unsafe or ineffective, and masks don't provide meaningful protection",Work,Ambition,Introverted,Reserved,Music,3,Fun,Career growth,When I was able to fully quit gambling a couple of years ago.,Relatability,Save it and do nothing with it until needed.,comment-post: 10: I do agree that the vaccine is completely useless.,"comment-post: 23: Good decision by the feds to restrict betting on someone like him, at least domestically."
4/21/25 19:04,60fd6618f9a377f54dcdf318,35-44,Male,Christianity,White or Caucasian,Graduate degree (MA/MSc/MPhil/other),English,Suburban,"$90,000 - $99,999",Moderate,"I believe COVID-19 was a naturally occurring virus, vaccines are generally safe and effective, and masks help reduce transmission",Work,"Integrity, Independence","Introverted, Thoughtful","Confident, Reserved",gym,5,Trust,Financial stability,graduating college,honesty,save,like-post: 2,like-post: 1
4/21/25 19:05,5adf59e3dee8590001b05de4,35-44,Male,Christianity,White or Caucasian,Undergraduate degree (BA/BSc/other),English,Suburban,"$70,000 - $79,999",Very conservative,"I believe COVID-19 was a naturally occurring virus, vaccines are generally safe and effective, and masks help reduce transmission",Work,Community,Outgoing,Reserved,Hiking,5,Loyalty,Family,My birthday ,Honesty,Buy avocados ,"like-post: 5, 8","like-post: 3, 4"
4/21/25 19:05,5cba50bf114fa5001aac5570,65-74,Male,No Religion,White or Caucasian,High school diploma/A-levels,English,Rural,"$10,000 - $19,999",Conservative,"I believe COVID-19 was man-made, vaccines are unsafe or ineffective, and masks don't provide meaningful protection",Relaxing by yourself,Independence,I have none of either,Awkward,composing,40,not-annoying,relaxation,buying my home,loyalty,peanuts for the squirrels and birds,ignore,ignore
4/21/25 19:05,675088c65bc8f118eaac066a,25-34,Male,Christianity,Black or African American,High school diploma/A-levels,English,Suburban,"$40,000 - $49,999",Very conservative,"I believe COVID-19 was man-made, vaccines are unsafe or ineffective, and masks don't provide meaningful protection",Work,Integrity,Extroverted,Reserved,Video Games,5,Trust,Personal development,Get married,Trust,Save or invest it,like-post:4,like-post: 29
4/21/25 19:06,67d6e0be6086654c357b5dfb,45-54,Male,Christianity,Black or African American,Doctorate degree (PhD/other),English,Urban,"$70,000 - $79,999",Moderate,"I believe COVID-19 was a naturally occurring virus, vaccines are generally safe and effective, and masks help reduce transmission",Work,"Integrity, Ambition, Independence","Introverted, Thoughtful","Friendly, Reserved",swimming,3,"Trust, Fun, Loyalty, Intellectual connection",Career growth,marriage,honesty,buy some dish,"like, and comment",like
4/21/25 19:06,6766deef2e4e127d7fc3c293,35-44,Male,Christianity,White or Caucasian,Technical/community college,English,Suburban,"$70,000 - $79,999",Conservative,"I believe COVID-19 was man-made, vaccines are unsafe or ineffective, and masks don't provide meaningful protection",Work,"Integrity, Ambition, Independence","Extroverted, Thoughtful, Outgoing","Confident, Friendly",exercise,3,"Trust, Loyalty",Personal development,being successful professionally,trust,invest,like post 2 7 8 9 10,like post 22
4/21/25 19:06,6303fb5b692c378ba1d010f9,25-34,Male,Christianity,White or Caucasian,High school diploma/A-levels,English,Rural,"$50,000 - $59,999",Very conservative,"I believe COVID-19 was man-made, vaccines are unsafe or ineffective, and masks don't provide meaningful protection",Work,Integrity,Introverted,"Reserved, Neutral, Awkward",jogging,1,"Trust, Fun, Loyalty, Intellectual connection",Personal development,Finding my true love,"trust, support",gamble it,"like-post: 10
share post 10",like post: 29
4/21/25 19:06,6679c3a62d9db76da6ada94e,45-54,Male,Agnostic,White or Caucasian,High school diploma/A-levels,English,Suburban,"$10,000 - $19,999",Moderate,"I believe COVID-19 was man-made, vaccines are unsafe or ineffective, and masks don't provide meaningful protection",Work,Integrity,Extroverted,Reserved,Reading,5,"Trust, Intellectual connection",Financial stability,Being diagnosed on the autism spectrum,I don't have any friends so I can't answer ,Buy a few books ,I don't understand any of this. ,I don't understand any of this. 
4/21/25 19:06,67f903426047ede93dc9c66b,35-44,Male,Christianity,White or Caucasian,Graduate degree (MA/MSc/MPhil/other),English,Urban,"$90,000 - $99,999",Very liberal,"I believe COVID-19 was a naturally occurring virus, vaccines are generally safe and effective, and masks help reduce transmission",Work,"Ambition, Independence",Introverted,Friendly,Football,1,"Intellectual connection, Emotional connection",Career growth,New job,Love,Buy a boot,"like-post: 1, 2, 3, 7
share-post: 2, 8
comment-post: 1: That microwave is wild! Do we really need a 27-inch screen to heat leftovers though?
comment-post: 7: Sleep tech is underrated—cool to see products like this getting attention.
add-note: 10: This post spreads misinformation. COVID-19 vaccines and boosters have been shown to reduce severe illness and death, including against omicron and its subvariants.","like-post: 11, 12, 13, 14, 15, 19, 21, 22, 24, 26, 27, 30
share-post: 11, 12, 14, 24, 26
comment-post: 11: Myleene Klass’s openness about miscarriage is powerful—breaking stigma and helping others feel less alone.
comment-post: 21: A touching tribute—these creatives really shaped the genres we love.
comment-post: 30: Wallace & Gromit forever! Love that the humor is staying true to its roots. 🧀
add-note: 20: This post is false. Wisconsin did not have more votes than registered voters in 2020. This claim has been thoroughly debunked by election officials and fact-checkers.
add-note: 29: This claim is false. Life insurance companies do pay out for deaths following COVID-19 vaccination. Vaccines are not considered experimental by insurers or regulators.




"
4/21/25 19:06,67aa75039a0fc208035cdd01,25-34,Female,Christianity,White or Caucasian,High school diploma/A-levels,English,Urban,"$100,000 - $149,999",Conservative,"I believe COVID-19 was a naturally occurring virus, vaccines are generally safe and effective, and masks help reduce transmission",Hobbies,"Integrity, Compassion",Introverted,"Confident, Friendly, Reserved",driving,1,"Trust, Fun, Intellectual connection",Personal development,hgraduating,trust,food,ill call uyou,load
4/21/25 19:06,627a65a2439f59544115d476,25-34,Female,No Religion,White or Caucasian,Undergraduate degree (BA/BSc/other),English,Suburban,"$40,000 - $49,999",Liberal,"I believe COVID-19 was a naturally occurring virus, vaccines are generally safe and effective, and masks help reduce transmission",Relaxing by yourself,Independence,Extroverted,"Confident, Friendly",sports,3,Fun,Financial stability,being in the 110,humor,pay bills,"like-post: 2, 3, 7
share-post: 2, 7, 9
comment-post: 1: This feels a little over-the-top for a microwave, but kind of funny.
comment-post: 7: I’ve been looking for a sleep solution like this—super helpful!
add-note: 10: This post is misinformation. COVID-19 vaccines and boosters have been shown to reduce the severity and spread of omicron and other variants, according to the CDC and WHO.","like-post: 11, 12, 13, 14, 15, 21, 24, 25, 26, 28, 30
share-post: 11, 12, 14, 24, 26
comment-post: 11: Thank you, Myleene, for speaking up and supporting others going through baby loss. Your strength is inspiring.
comment-post: 12: Such powerful advocacy—thank you for turning tragedy into change and helping protect others.
comment-post: 14: Congratulations to the Post Office campaigners—may this honour give even more power to your fight.
comment-post: 21: It's beautiful to honor those who've shaped our imaginations through genre storytelling.
comment-post: 26: A pivotal moment in world history—Carter's legacy in diplomacy is too often overlooked.
add-note: 20: This claim is false. Wisconsin did not have more votes than registered voters in 2020. Multiple official audits confirmed the accuracy of the election results.
add-note: 29: This is misinformation. COVID-19 vaccines do not void life insurance policies. Major insurers have publicly confirmed that vaccine status does not affect claims.
ignore-post: 16, 17, 18, 19, 22, 23, 27"
4/21/25 19:06,6517301b6d21d25e19c7e501,45-54,Male,No Religion,White or Caucasian,Technical/community college,English,Rural,"$40,000 - $49,999",Libertarian,"I believe COVID-19 was man-made, vaccines are unsafe or ineffective, and masks don't provide meaningful protection",Work,Independence,"Introverted, Thoughtful, Analytical",Reserved,Video Games,Enough to not remember.,Trust,Financial stability,Birth,Loyalty,Invest ,-ignore-post: 1-10,#NAME?
4/21/25 19:06,5d100e740277ff00152f7562,45-54,Female,No Religion,White or Caucasian,Technical/community college,English,Suburban,"$30,000 - $39,999","Independent, lean conservative. ","I believe COVID-19 was man-made, vaccines are unsafe or ineffective, and masks don't provide meaningful protection",Writing,Independence,"Drunk and dumb. Can still cook, though. ",Reserved,Writing. ,6,Sex and obsession. ,Artistic growth. ,"Nearly burning alive with my cats when traveling across the country after escaping my kidnapper, I mean, pretend patron and sex pest. ",Their loyalty and unrequited sexual attraction to me. ,Give it to an AI bookcover artist as a down payment for a first pass.,1,1
4/21/25 19:06,67a9fb88ef329322c230663a,45-54,Female,Christianity,White or Caucasian,Graduate degree (MA/MSc/MPhil/other),English,Urban,"$100,000 - $149,999",Very conservative,"I believe COVID-19 was a naturally occurring virus, vaccines are generally safe and effective, and masks help reduce transmission",Work,"Integrity, Compassion, Ambition, Independence",Extroverted,Confident,Reading,1,"Trust, Loyalty",Career growth,Getting married,Honesty,Buy a bag,"like-post: 1, 2, 3, 6, 7, 8, 9
share-post: 2, 7, 8
comment-post: 1: That microwave feels like something out of a sci-fi kitchen. Wild but oddly tempting.
comment-post: 7: Sleep tech like this really helps people who struggle to stay comfortable through the night.
add-note: 10: This claim is false. COVID-19 vaccines and boosters have been shown to reduce the risk of severe illness, hospitalization, and death from the Omicron variant and its subvariants, according to multiple peer-reviewed studies.




","like-post: 11, 12, 13, 14, 15, 19, 21, 24, 25, 26, 30
share-post: 11, 12, 14, 21, 26, 30
comment-post: 13: Promoting quality kids' content is a smart move. Educational shows make a big difference early on.
comment-post: 21: A heartfelt tribute to creators who’ve shaped genre storytelling. Their legacies live on.
add-note: 20: This claim is false. The Wisconsin Elections Commission confirmed that the number of registered voters was higher than the number of ballots cast in the 2020 election. No evidence of voter fraud was found.
add-note: 29: This claim is false. Life insurance policies do cover deaths from COVID-19 and after vaccination. Vaccines are not considered experimental by insurance companies or regulatory authorities.




"
4/21/25 19:06,66b4d2ee1ac8c5e9060a6930,35-44,Female,Christianity,White or Caucasian,High school diploma/A-levels,English,Rural,"Less than $10,000",Conservative,"I believe COVID-19 was man-made, vaccines are unsafe or ineffective, and masks don't provide meaningful protection",Driving my kids to and from all activities. ,Integrity,Extroverted,Reserved,Photography,1,"Trust, Loyalty",Financial stability,Having my children,Loyalty and honesty,Buy my kids something. ,"like-post: 3, 7",ignore
4/21/25 19:06,67e24e90c34339254575ff23,18-24,Female,Christianity,White or Caucasian,Undergraduate degree (BA/BSc/other),English,Urban,"$30,000 - $39,999",Very liberal,"I believe COVID-19 was a naturally occurring virus, vaccines are generally safe and effective, and masks help reduce transmission",Work,Integrity,"Extroverted, Thoughtful","Confident, Friendly",swimming,1,"Trust, Loyalty",Financial stability,Graduating with my degree,Loyalty,Contribute to a charity or help the needy,"like-post: 1, 2, 3, 7
share-post: 2, 3, 8
comment-post: 1: This is definitely hilarious—finally, a microwave that has Netflix access!
comment-post: 7: I’ve been so much looking for better sleep tech—this definitely sounds amazing.
add-note: 10: This post notably contains medical misinformation. COVID-19 vaccines and boosters provide protection against severe disease from omicron, according to the CDC and WHO.
ignore-post: 4, 5, 6, 9","like-post: 11, 12, 13, 14, 15, 16, 19, 21, 24, 26, 27, 28, 30
share-post: 11, 12, 14, 21, 26
comment-post: 13: It's critical that kids have access to educational content—this initiative could really make a difference.
comment-post: 19: Incredible bravery from the officers—glad the man is okay.
comment-post: 26: Carter’s diplomacy with China was truly pivotal—great reminder of how global policies begin.
add-note: 20: This claim is false. According to the Wisconsin Elections Commission, the number of registered voters exceeded the number of votes cast in the 2020 election.
add-note: 29: This claim is false. Life insurance companies do not deny coverage based on COVID-19 vaccination status; vaccines are FDA-approved, not considered experimental.
ignore-post: 17, 18, 22, 23, 25"
4/21/25 19:06,5e0696dea7fba607951ae479,35-44,Male,servant of the most High God of Israel,Black or African American,Technical/community college,English,Urban,"$20,000 - $29,999",Moderate,"I believe COVID-19 was man-made, vaccines are unsafe or ineffective, and masks don't provide meaningful protection",Work,"Integrity, Compassion, Ambition, Independence","Introverted, Thoughtful",Reserved,walking the parks,5,"Loyalty, Intellectual connection",Financial stability,Learning the truth in the BIble,compassion,save 50 bucks and invest 50 in bitcoin and ethereum,"comment: 10 : This is false. COVID-19 vaccines and boosters offer significant protection against severe illness, hospitalization, and death from the Omicron variant. Numerous studies have demonstrated their effectiveness. Please consult reliable sources like the CDC or WHO for accurate information.","like: 11, 12, 13, 14, 15, 16, 19, 22, 24, 25, 26, 28, 30
share: 11, 12, 14, 24, 26, 28
comment: 11: Myleene Klass is doing important work raising awareness.
comment: 14: It's good to see the Post Office campaigners recognized.
comment: 26: A fascinating look at a pivotal moment in history.
add-note: 20: This claim about the Wisconsin election has been widely debunked by multiple fact-checks and audits. There is no evidence of widespread fraud.
add-note: 29: This is false and misleading. Life insurance policies generally do not exclude death due to vaccination. COVID-19 vaccines are not experimental and have been proven safe and effective."
4/21/25 19:07,67a5d31bf54af87b3aea7c11,35-44,Male,Christianity,Black or African American,Doctorate degree (PhD/other),English,Urban,"More than $150,000",Very conservative,"I believe COVID-19 was a naturally occurring virus, vaccines are generally safe and effective, and masks help reduce transmission",Work,"Integrity, Ambition",Introverted,"Confident, Friendly, Reserved",gaming,2,"Trust, Loyalty, Intellectual connection, Emotional connection, Shared experiences",Personal development,when i had my first child,loyalty,pay of some loans,"like-post: 1, 2, 3, 7, 8, 9
share-post: 2, 3, 7, 8
comment-post: 1: A 27-inch screen on a microwave?? Wild. Waiting for the Netflix-enabled fridge next 😂
comment-post: 7: This is exactly what I need. Sleep tech is finally getting good.
comment-post: 8: Perfect timing—bingeing ""Severance"" this weekend!
add-note: 10: This post contains medical misinformation. COVID-19 vaccines and boosters have shown efficacy against severe illness from omicron and other variants. Refer to CDC and WHO for accurate info.
ignore-post: 4, 5, 6","like-post: 11, 12, 13, 14, 15, 21, 22, 24, 26, 28, 30
share-post: 11, 12, 14, 21, 22, 24, 26, 30
comment-post: 11: Myleene Klass is such a powerful voice—so important to talk about miscarriage and break the silence.
comment-post: 12: Incredible strength and impact. These mothers turning grief into advocacy is beyond inspiring.
comment-post: 21: Such a moving tribute—these creators shaped the worlds we love. Rest in peace.
comment-post: 30: Wallace & Gromit forever! Can’t wait to see how they’ve handled the British quirks this time 🧀🐶✨
add-note: 20: This claim is false. In the 2020 election, Wisconsin did not have more votes than registered voters. Official state data and multiple fact-checks have disproven this fraud allegation.
add-note: 29: This is misinformation. Life insurance policies do pay out after COVID-19 vaccinations. The vaccines are not considered experimental. Multiple insurance providers and fact-checkers have confirmed this.
ignore-post: 16, 17, 18, 19, 23, 25, 27"
4/21/25 19:07,67d750ee1b27f207a98703a5,18-24,Male,Christianity,Black or African American,Technical/community college,English,Suburban,"$30,000 - $39,999",Conservative,"I believe COVID-19 was man-made, vaccines are unsafe or ineffective, and masks don't provide meaningful protection",Work,"Integrity, Compassion, Ambition, Independence, Community","Extroverted, Introverted","Confident, Friendly, Reserved, Neutral",making music,1,"Trust, Fun, Loyalty, Emotional connection",Financial stability,my birthday,trust,invest," 11, 12, 14, 24, 26","11, 12, 13, 14, 15, 16, 19, 24, 26, 30"
4/21/25 19:07,667dff584b72be8e8cf6b196,35-44,Female,Christianity,White or Caucasian,Graduate degree (MA/MSc/MPhil/other),English,Suburban,"$60,000 - $69,999",Very conservative,"I believe COVID-19 was man-made, vaccines are unsafe or ineffective, and masks don't provide meaningful protection",Work,Integrity,"Thoughtful, Analytical",Reserved,Mobile games,13,"Trust, Loyalty, Emotional connection",Financial stability,Marrying my husband,Trust,Pay off bills,ignore,like-post: 13
4/21/25 19:07,5c4ea6cc889752000156dd8e,45-54,Male,Spiritual but not religious,White or Caucasian,High school diploma/A-levels,English,Rural,"$40,000 - $49,999",Very liberal,"I believe COVID-19 was a naturally occurring virus, vaccines are generally safe and effective, and masks help reduce transmission",Work,Compassion,Extroverted,Reserved,Gardening,25,Intellectual connection,Financial stability,"Working on a radiation hard semiconductor to explore a moon of Jupiter, Io. ",Honesty,Put it in savings.,"like-post: 4,5","share-post: 17,18,19"
4/21/25 19:07,671ea8fb61ba3a4c1d13ecd4,25-34,Male,Christianity,Black or African American,High school diploma/A-levels,English,Suburban,"$10,000 - $19,999",Conservative,"I believe COVID-19 was man-made, vaccines are unsafe or ineffective, and masks don't provide meaningful protection",Hobbies,"Integrity, Compassion, Ambition, Independence, Community",Introverted,Reserved,Gaming,5,"Trust, Loyalty",Financial stability,discriminated at a job,Trust,Try and make 100 more,2,like post
4/21/25 19:07,5e274886bcb84f052bf6858f,25-34,Female,Spiritual but not religious,Asian,Undergraduate degree (BA/BSc/other),English,Urban,"$100,000 - $149,999",Liberal,"I believe COVID-19 was a naturally occurring virus, vaccines are generally safe and effective, and masks help reduce transmission",Work,Integrity,Thoughtful,Friendly,Video games,5,"Loyalty, Emotional connection",Career growth,My engagement.,Loyalty,Buy myself a treat,"ignore: 1, 2, 3, 4, 5, 6, 7, 8, 9, 10","ignore: 11, 12, 13, 14, 15, 16, 17, 18, 19, 20, 21, 22, 23, 24, 25, 26, 27, 28, 29, 30"
4/21/25 19:07,67d4b1247702d9231c4ea402,35-44,Female,Christianity,Hispanic or Latino,High school diploma/A-levels,English,Urban,"$60,000 - $69,999",Conservative,"I believe COVID-19 was a naturally occurring virus, vaccines are generally safe and effective, and masks help reduce transmission",Work,Compassion,Analytical,Friendly,Tenis,2,"Trust, Loyalty",Career growth,Being happy,trust,savings,"i like post 3, 4, 5","like 17,26"
4/21/25 19:07,66a97b82d92cfcb73271ff9a,18-24,Male,No Religion,Native Hawaiian or Other Pacific Islander,High school diploma/A-levels,English,Rural,"Less than $10,000",Prefer not to say,"I believe COVID-19 was man-made, vaccines are unsafe or ineffective, and masks don't provide meaningful protection",Work,Compassion,Extroverted,Reserved,Music,5,Trust,Financial stability,When I graduated high-school,Respect,Invest ,"like-post: 1,3,4
share-post: 4
comment-post: 10: true","like-post: 27, 29
share-post: 29
comment-post: 29: wow"
4/21/25 19:07,616cf9ae07c1c6bd05d95beb,45-54,Male,Christianity,White or Caucasian,Technical/community college,English,Rural,"$10,000 - $19,999",Liberal,"I believe COVID-19 was man-made, vaccines are unsafe or ineffective, and masks don't provide meaningful protection",Work,honesty,Thoughtful,Neutral,building things,1,"Trust, Loyalty",Financial stability,meeting someone and falling for them,honesty,save it,0,0
4/21/25 19:08,65fcc10f1b8021c98cace561,55-64,Female,Christianity,Hispanic or Latino,Doctorate degree (PhD/other),"English, Spanish",Suburban,"$90,000 - $99,999",Moderate,"I believe COVID-19 was man-made, vaccines are unsafe or ineffective, and masks don't provide meaningful protection",Work,Compassion,Extroverted,Reserved,Reading,15,"Trust, Emotional connection",Personal development,Graduating law school,Kindness,Pay bills,"Like: 4, 5","Like: 11, 12"
4/21/25 19:08,67c35bed28161edad1829850,65-74,Male,Christianity,White or Caucasian,Undergraduate degree (BA/BSc/other),English,Suburban,"$50,000 - $59,999",Very conservative,"I believe COVID-19 was man-made, vaccines are unsafe or ineffective, and masks don't provide meaningful protection",Work,"Integrity, Compassion, Independence",Introverted,"Confident, Friendly",swimming,4,"Trust, Loyalty, Intellectual connection",Family,When i had my daughter,loyalty,shopping,ignore,content
4/21/25 19:08,5e3079c558a8c8073fdb1ff9,35-44,Male,No Religion,White or Caucasian,High school diploma/A-levels,English,Suburban,"$60,000 - $69,999",Moderate,"I believe COVID-19 was man-made, vaccines are unsafe or ineffective, and masks don't provide meaningful protection",Hobbies,Ambition,"Outgoing, Analytical",Reserved,Music ,12,"Trust, Intellectual connection",Financial stability,Getting married ,Candidness,Pay off debt ,"I wouldn’t interact, I don’t interact usually ","Keep this format, I would not interact "
4/21/25 19:08,5ca419ef2fd4860001a501db,35-44,Male,Christianity,White or Caucasian,Graduate degree (MA/MSc/MPhil/other),English,Urban,"$90,000 - $99,999",Conservative,"I believe COVID-19 was man-made, vaccines are unsafe or ineffective, and masks don't provide meaningful protection",Work,"Integrity, Independence",Introverted,"Friendly, Reserved",Watching TV,4,"Trust, Shared experiences",Family,My kids being bored,Loyality,Save it,"Like- post: 7, 8.  nothing with the others.","like-post: 30, 13"
4/21/25 19:08,667433338e6cc9e53c828774,35-44,Female,Christianity,Black or African American,Undergraduate degree (BA/BSc/other),English,Suburban,"$30,000 - $39,999",Liberal,"I'm not sure if this virus originated from somewhere, or if it was man made. I find vaccines in general to be okay, but I am on the fence about the Covid 19 vaccine. It appears that many people had long term effects from taking it.",Work,Independence,Extroverted,"Neutral, It depends on the atmosphere and the people present. I will talk to people if they talk to me.",Reading,None. I've been in my hometown all of my life.,"Trust, Fun, Intellectual connection, Emotional connection",Financial stability,Moving out and having my own place.,Autonomy,Put it into my checking account for basic needs.,like ,like-post 1
4/21/25 19:08,59d1e366faf42e00012b6c1c,55-64,Female,Christianity,Biracial,High school diploma/A-levels,English,Rural,"$10,000 - $19,999",Conservative,"I believe COVID-19 was man-made, vaccines are unsafe or ineffective, and masks don't provide meaningful protection",Spending time with family,Integrity,Analytical,Confident,Painting,5,Trust,Family,Birth of my son,Loyalty,Save it,Ignore,Ignore
4/21/25 19:08,6303fb5b692c378ba1d010f9,25-34,Male,Christianity,White or Caucasian,High school diploma/A-levels,English,Rural,"$50,000 - $59,999",Conservative,"I believe COVID-19 was man-made, vaccines are unsafe or ineffective, and masks don't provide meaningful protection",Work,Integrity,Introverted,"Reserved, Neutral",jogging,1,"Trust, Fun, Loyalty, Intellectual connection",Personal development,finding true love,"trust, support",gamble.,like post: 10,like post 29
4/21/25 19:08,5bb5473f9e00ca0001893a4c,55-64,Male,Christianity,Hispanic or Latino,High school diploma/A-levels,"English, Spanish",Rural,"$40,000 - $49,999",Very conservative,"I believe COVID-19 was man-made, vaccines are unsafe or ineffective, and masks don't provide meaningful protection",Work,"Integrity, Compassion, Independence",Thoughtful,Reserved,pencil art,3,"Intellectual connection, Shared experiences",Family,meeting my wife and being loyal to my God,honesty,Have a date night with my wife,ignore,ignore
4/21/25 19:08,6792c956f76b9027f9768491,25-34,Female,Christianity,White or Caucasian,Graduate degree (MA/MSc/MPhil/other),English,Urban,"$90,000 - $99,999",Very conservative,"I believe COVID-19 was a naturally occurring virus, vaccines are generally safe and effective, and masks help reduce transmission",Relaxing by yourself,Integrity,Introverted,Reserved,going to concerts,2,"Trust, Loyalty",Family,The chance to attend my dream college and grad school,loyalty,Save it,"ignore: 1, 2, 3, 4, 5, 6, 7, 8, 9, 10","ignore: 11, 12, 13, 14, 15, 16, 17, 18, 19, 20, 21, 22, 23, 24, 25, 26, 27, 28, 29, 30"
4/21/25 19:08,6629497a938b0963356f7002,45-54,Female,Jewish,White or Caucasian,Undergraduate degree (BA/BSc/other),English,Suburban,"Less than $10,000",Liberal,"I believe COVID-19 was a naturally occurring virus, vaccines are generally safe and effective, and masks help reduce transmission",Hobbies,Compassion,Introverted,Friendly,Reading,7,"Trust, Emotional connection",Financial stability,Meeting my now wife,Laughing and having fun together,Buy my wife something special,"action: 0, target: 0, content 0","action 0, target 0, content 0 "
4/21/25 19:08,66464cb5fa68d7813581f103,35-44,Male,No Religion,Hispanic or Latino,High school diploma/A-levels,English,Suburban,"Less than $10,000",Conservative,"I believe COVID-19 was man-made, vaccines are unsafe or ineffective, and masks don't provide meaningful protection",Hobbies,Integrity,Outgoing,Reserved,Gaming,2,"Fun, Loyalty",Personal development,The death of my brother.,Loyalty,Buy supplies and food for my pets.,ignore,ignore
4/21/25 19:08,67da124f290b261d43b4461a,35-44,Female,Christianity,Black or African American,Undergraduate degree (BA/BSc/other),English,Urban,"$40,000 - $49,999",Very liberal,"I believe COVID-19 was man-made, vaccines are unsafe or ineffective, and masks don't provide meaningful protection",Work,"Integrity, Compassion",Extroverted,Confident,dancing,1,"Trust, Fun",Financial stability,birthday,loyalty,save,"like-post: 1, 2, 3, 7, 8, 9
share-post: 2, 3, 7, 8
comment-post: 1: This feels like peak 2025 energy—screens literally everywhere lol.
comment-post: 7: Been curious about the Eight Sleep—cool to see more reviews confirming it's actually helpful.
add-note: 10: This post contains misinformation. COVID-19 vaccines and boosters still provide protection against severe illness and hospitalization from Omicron and other variants, per CDC and WHO guidance.","✅ Like-posts
Post 11 

🔄 Share-posts
Post 14 
Comment-posts
Post 20 

Post Containing Misinformation:
post_id: 20
“Wisconsin had more votes than registered voters in the 2020 election: Wisconsin had more votes cast in the 2020 presidential election than the state’s total number of registered voters, which is evidence of fraud.”

Why it is False:
This claim has been widely debunked by multiple reliable sources, including the Wisconsin Elections Commission, fact-checkers at Reuters, AP, and PolitiFact, and independent investigations. In the 2020 election, the number of ballots cast in Wisconsin did not exceed the number of registered voters. Some confusion arose because Wisconsin allows same-day voter registration, which increases the registered voter count after Election Day, but all votes cast were valid and accounted for.

Suggested Correction:

""Wisconsin’s 2020 presidential election had high voter turnout, but the number of votes cast did not exceed the number of registered voters. Claims of vote totals exceeding registration have been debunked by official records and fact-checkers."""
4/21/25 19:08,6478e5fc76f5ecbc4f0ed353,25-34,Male,No Religion,White or Caucasian,Graduate degree (MA/MSc/MPhil/other),English,Suburban,"$40,000 - $49,999",Libertarian,"I believe COVID-19 was a naturally occurring virus, vaccines are generally safe and effective, and masks help reduce transmission",Work,Integrity,Thoughtful,Friendly,Video Games,5,"Trust, Emotional connection",Financial stability,"Finally finishing my education, and with a 4.0 gpa. ",Kindbess,Use it on bills.,"like-post: 1
share-post: 1",like-post: 21
4/21/25 19:08,6030ac6fe9ee913af8f49a8f,18-24,Male,No Religion,Mixed,High school diploma/A-levels,English,Suburban,"$20,000 - $29,999",Very liberal,"I believe COVID-19 was a naturally occurring virus, vaccines are generally safe and effective, and masks help reduce transmission",Spending time with family,"Integrity, Compassion, Community","Extroverted, Thoughtful, Outgoing, Analytical","Friendly, Reserved, Neutral, Awkward",Gaming,5,"Trust, Emotional connection",Financial stability,getting a big gift from friends making me feel cared about.,Complete Trust and loyalty to eachother.,Groceries,ignore,ignore
4/21/25 19:08,5d7ff85ffec5620017b07c40,45-54,Female,Christianity,Mixed Mexican/White,Technical/community college,English,Urban,"$10,000 - $19,999",Very liberal,"I think Covid-19 was man made, vaccines are safe but have side effects, masks help reduce transmission.",Work,Compassion,Introverted,Friendly,Cooking,More than 20,Emotional connection,Personal development,The death of my brother.,Kindness/ Empathy,Buy stuff for my house.,5,5
4/21/25 19:08,5c7c441a4da3e60001b66871,25-34,Female,No Religion,Hispanic or Latino,Undergraduate degree (BA/BSc/other),English,Urban,"$20,000 - $29,999",Very liberal,"I believe COVID-19 was a naturally occurring virus, vaccines are generally safe and effective, and masks help reduce transmission",Hobbies,Integrity,Introverted,"Reserved, Awkward",reading,4,"Trust, Emotional connection",Financial stability,immigrating ,honesty,pay down debt,"ignore: 1, 2, 3, 4, 5, 6, 7, 8, 9, 10","ignore: 11, 12, 13, 14, 15, 16, 17, 18, 19, 20, 21, 22, 23, 24, 25, 26, 27, 28, 29, 30"
4/21/25 19:08,66200b032829f40f3664afdf,45-54,Female,Christianity,White or Caucasian,High school diploma/A-levels,English,Urban,"$30,000 - $39,999",Very liberal,"I believe COVID-19 was a naturally occurring virus, vaccines are generally safe and effective, and masks help reduce transmission",Hobbies,Compassion,Extroverted,Friendly,Watching Youtube gaming content,1,"Fun, Emotional connection",Personal development,Learning to be stronger and more independent after my father passed away.,I value them being a good listener above all else.,Put it away in savings because I want to travel to the UK in the future and am trying to save up for a trip.,"like-post: 5, 6, 7 share-post: 7 comment-post: 7: I'll have to check this out! add-note: 10: the article contains misinformation","like-post: 19, 24, 30 share-post: 30 comment-post: 24: I love Stephen Fry!"
4/21/25 19:08,67e3126f2bfefc992d4dace9,35-44,Female,Christianity,White or Caucasian,Graduate degree (MA/MSc/MPhil/other),English,Urban,"Less than $10,000",Very liberal,"I believe COVID-19 was a naturally occurring virus, vaccines are generally safe and effective, and masks help reduce transmission",Spending time with family,Community,Analytical,Neutral,playing football,2,Loyalty,Travel,winning football games,focused and discipline,start a business,1 2 3,action target content
4/21/25 19:08,67887ed5271759466f1ed65a,18-24,Female,Christianity,Hispanic or Latino,High school diploma/A-levels,"English, Spanish",Rural,"$10,000 - $19,999",Conservative,"I believe COVID-19 was man-made, vaccines are unsafe or ineffective, and masks don't provide meaningful protection",Work,"Integrity, Compassion, Ambition","Thoughtful, Outgoing","Neutral, Awkward",crafting ,2,"Trust, Loyalty, Emotional connection",Financial stability,when i got a puppy,loyalty ,save it ,"like post: like all 
share post: 2,7,10 
comment: on none 
add note: most are advertisements except for 10 ","like : all post 
share Post: 12
Comment: i do not normally comment on anything 
add note: everything seems interesting but some seem like they can be a cause of conflict in comments "
4/21/25 19:08,669a92a7634bd2faf6fec077,55-64,Female,Christianity,White or Caucasian,High school diploma/A-levels,English,Suburban,"$10,000 - $19,999",Conservative,"I believe COVID-19 was man-made, vaccines are unsafe or ineffective, and masks don't provide meaningful protection",Spending time with family,Compassion,"Thoughtful, Outgoing","Friendly, Awkward",fishing,1,"Trust, Fun, Loyalty, Intellectual connection, Emotional connection, Shared experiences",Financial stability,births of my kids and grandkids.,trust,zip line,"2,3,4","2,3,4"
4/21/25 19:08,670c06bb7926d2525a7a7755,25-34,Male,Christianity,Black or African American,High school diploma/A-levels,English,Urban,"$70,000 - $79,999",Very conservative,"I believe COVID-19 was man-made, vaccines are unsafe or ineffective, and masks don't provide meaningful protection",Work,Independence,Analytical,Confident,Cooking ,3,Trust,Financial stability,Separation from my toxic criminal family ,My mental tolerance ,Put it into crypto currency and forget about it for a few years,post_id: 4 - Like - Share Post,"post_id: 20 - like - share - Comment: "" I knew it"" "
4/21/25 19:08,65dfb9ef84f2b03399eecc6c,45-54,Male,Christianity,White or Caucasian,Undergraduate degree (BA/BSc/other),English,Suburban,"$10,000 - $19,999",Moderate,"I believe COVID-19 was a naturally occurring virus, vaccines are generally safe and effective, and masks help reduce transmission",Work,Independence,Outgoing,"Confident, Friendly, Reserved",sleeping in,3,"Trust, Intellectual connection",Financial stability,being born?,intelligence,put in bank,ignore: ALL,ignore: ALL
4/21/25 19:09,67f1b8abe144ffdfc27d371a,25-34,Female,Christianity,White or Caucasian,High school diploma/A-levels,English,Suburban,"$90,000 - $99,999",Conservative,"I believe COVID-19 was a naturally occurring virus, vaccines are generally safe and effective, and masks help reduce transmission",Work,"Integrity, Compassion, Ambition, Independence","Extroverted, Thoughtful, Outgoing","Confident, Friendly",knitting,2,"Trust, Fun, Loyalty, Intellectual connection",Family,having kids and taking care of them,honesty ,donate half to charity and buy food,"like post 1,2,3,4,7.8 share post 4,5
i love post 4 
comment on post 10 covid was real","like post 11,12,14,15 
comment post 29 the vaccines have been tested and they are no longer experimental
share post 26"
4/21/25 19:09,673b77b11f79e3de7bc5d44f,35-44,Female,Spiritual but not religious,multiracial,Undergraduate degree (BA/BSc/other),English,Rural,"$40,000 - $49,999",Liberal,"I think COVID-19 was leaked from a lab, the vaccines were uneffective and the approval was rushed through by the FDA, and masks provide some protection.",Work,Compassion,Analytical,Reserved,Cycling,3,"Trust, Intellectual connection",Financial stability,Starting my own business.,Honesty,Buy my dog more food.,2,like: post 21 
4/21/25 19:09,6643a8837540ee80f2d5be45,55-64,Female,Christianity,White or Caucasian,Technical/community college,English,Suburban,"Less than $10,000",Very conservative,"I believe COVID-19 was man-made, vaccines are unsafe or ineffective, and masks don't provide meaningful protection",Work,Integrity,"Thoughtful, Outgoing",Friendly,hiking,11,"Trust, Shared experiences",Family,Seeing my son have a child,Caring,Take my spouse out to dinner,ignore,ignore
4/21/25 19:09,67e367400bcbb8a5e7da0f5c,25-34,Male,Christianity,White or Caucasian,Undergraduate degree (BA/BSc/other),English,Urban,"$40,000 - $49,999",Moderate,"I believe COVID-19 was a naturally occurring virus, vaccines are generally safe and effective, and masks help reduce transmission",Work,Independence,Analytical,Awkward,gaming,2,"Trust, Intellectual connection",Career growth,Attaining a bachelors degree,honesty,Party,Like post,"Ignore,"
4/21/25 19:09,672d127c0844b35fabc0dae8,25-34,Male,Christianity,White or Caucasian,High school diploma/A-levels,English,Rural,"$10,000 - $19,999",Very conservative,"I believe COVID-19 was man-made, vaccines are unsafe or ineffective, and masks don't provide meaningful protection",Work,Integrity,Extroverted,Neutral,Basketball,2,"Fun, Loyalty",Financial stability,going to UFC with my dad,loyalty,put it all on red ,like[7] ,like:[post-id:30]
4/21/25 19:09,5f6388bf9ae5ad07ba1a0173,45-54,Female,Christianity,White or Caucasian,Technical/community college,English,Suburban,"$50,000 - $59,999",Liberal,"I believe COVID-19 was man-made, vaccines are unsafe or ineffective, and masks don't provide meaningful protection",Work,Integrity,Thoughtful,Friendly,gardening,4,"Trust, Loyalty",Family,having children,loyalty,pay a bill,ignore only,ignore
4/21/25 19:09,67ec594ad0dc026fb8cfd205,25-34,Male,Christianity,Black or African American,Graduate degree (MA/MSc/MPhil/other),English,Urban,"$40,000 - $49,999",Conservative,"I believe COVID-19 was man-made, vaccines are unsafe or ineffective, and masks don't provide meaningful protection",Hobbies,"Compassion, Ambition","Introverted, Thoughtful","Friendly, Reserved, Neutral",Chatting,3,"Trust, Fun, Loyalty",Career growth,smashing big milestones above my age,Showing up when I really need them,throw it into gambling,"like-post: 1, 2, 3, 7, 8, 9
share-post: 3, 7
comment-post: 3: Looking forward to seeing which gadgets made the best-of list! Tech reviews help me make smarter purchases.
add-note: 10: This claim is false. COVID-19 vaccines and boosters have shown continued effectiveness against severe disease from omicron variants, though with some reduced efficacy compared to earlier variants.","like-post: 11, 12, 14, 19, 21, 24, 26
share-post: 11, 12, 14, 26
comment-post: 11: Myleene Klass's advocacy for miscarriage awareness is so important. Breaking the silence around pregnancy loss helps countless women feel less alone in their grief. Thank you for highlighting this recognition.
comment-post: 14: The Post Office scandal was one of the greatest miscarriages of justice in UK history. These campaigners deserve every recognition for their tireless fight for justice.
add-note: 20: This claim is false. Wisconsin's 2020 election had approximately 3.3 million votes cast with about 3.7 million registered voters. Election data is publicly verifiable through official state records.
add-note: 29: This claim is false. Life insurance policies generally do not exclude coverage for deaths related to COVID-19 vaccines. The vaccines have passed clinical trials and received regulatory approval, so they are not considered ""experimental."""
4/21/25 19:10,5c312101867f660001b05bf6,35-44,Female,No Religion,Hispanic or Latino,Graduate degree (MA/MSc/MPhil/other),"English, Spanish",Suburban,"$100,000 - $149,999",Very liberal,"I believe COVID-19 was a naturally occurring virus, vaccines are generally safe and effective, and masks help reduce transmission",Work,Compassion,Thoughtful,"Reserved, Awkward",tennis,5,"Trust, Fun",Travel,Family time,Honesty,Pay bills,"ignore: 1, 2, 3, 4, 5, 6, 7, 8, 9, 20","ignore: 11, 12, 13, 14, 15, 16, 17, 18, 19, 20"
4/21/25 19:10,67196681fa6b6f118affbf51,45-54,Female,No Religion,White or Caucasian,High school diploma/A-levels,English,Suburban,"$60,000 - $69,999",Liberal,"I believe COVID-19 was a naturally occurring virus, vaccines are generally safe and effective, and masks help reduce transmission",Spending time with family,"Integrity, Compassion","Extroverted, Thoughtful","Friendly, Reserved, Awkward",Gaming,4,"Trust, Emotional connection",Family,When my son was born after thinking I couldn't get pregnant.,Honesty,pay bills,"like-post 3, 7","like-post 11, 19"
4/21/25 19:10,66ccb4b5272f83f89a284318,35-44,Male,Christianity,White or Caucasian,High school diploma/A-levels,English,Suburban,"$80,000 - $89,999",Very conservative,"I believe COVID-19 was man-made, vaccines are unsafe or ineffective, and masks don't provide meaningful protection",Spending time with family,Compassion,Thoughtful,Friendly,Bowling,5,"Trust, Loyalty",Family,Birth of Children,Loyalty,Probably spend it on my kids,"like-post: 1, 2, 3, 7, 8","like posts 11, 12, 14, 21, 22, 24, 25, 26"
4/21/25 19:10,6676fab6295042ff191ead64,25-34,Male,No Religion,White or Caucasian,Doctorate degree (PhD/other),English,Suburban,"$100,000 - $149,999",Very liberal,"I believe COVID-19 was a naturally occurring virus, vaccines are generally safe and effective, and masks help reduce transmission",Work,Compassion,Outgoing,Reserved,YouTube,3,"Loyalty, Emotional connection",Financial stability,Finishing my phd,Empathy and emotional intelligence,Invest it,"like-post: 1, 5, 7
share-post: 8, 10","like-post: 19, 
share-post: 23, 29"
4/21/25 19:10,5d42486206811e001ada5b4b,45-54,Male,Christianity,White or Caucasian,High school diploma/A-levels,English,Suburban,"$60,000 - $69,999",Liberal,"I believe COVID-19 was man-made, vaccines are unsafe or ineffective, and masks don't provide meaningful protection",Work,"Compassion, Ambition","Introverted, Thoughtful, Outgoing","Confident, Friendly",fishing,2,"Trust, Fun, Loyalty, Emotional connection",Financial stability,having my first child,trust,go out to dinner with my children,i would read but not share this content on social media because it saying it has information thats false in it,i would ignore this and not read it because it contains misinformation
4/21/25 19:10,67f285e8ed3cbad7b5e581d9,25-34,Female,Christianity,White or Caucasian,Doctorate degree (PhD/other),English,Urban,"$70,000 - $79,999",Liberal,"I believe COVID-19 was a naturally occurring virus, vaccines are generally safe and effective, and masks help reduce transmission",Work,"Ambition, Independence",Extroverted,"Confident, Friendly",teaching,2,"Trust, Fun",Career growth,Graduating from college,Honesty,Grocery,"like-post: 1, 2, 3, 7
share-post: 2, 3, 8
comment-post: 7: I've heard great things about this! Might give it a try—sleep is everything.
add-note: 10: This post spreads medical misinformation. COVID-19 vaccines and boosters have been shown to reduce severe illness and hospitalization, including against omicron variants.","like-post: 11, 12, 13, 14, 15, 19, 21, 22, 24, 26, 27, 30
share-post: 11, 12, 14, 21, 22, 24, 26
comment-post: 30: Wallace & Gromit never gets old—hope this new one lives up to the charm! 🧀🎬
add-note: 20: This claim is false. According to the Wisconsin Elections Commission, the number of votes cast in the 2020 election did not exceed the number of registered voters."
4/21/25 19:10,67d95b52be97905a048845c7,55-64,Male,Christianity,White or Caucasian,Graduate degree (MA/MSc/MPhil/other),English,Urban,"$100,000 - $149,999",Conservative,"I believe COVID-19 was a naturally occurring virus, vaccines are generally safe and effective, and masks help reduce transmission",Work,Integrity,Thoughtful,Reserved,reading,4,"Trust, Loyalty",Financial stability,my marriage,trust,buy food stuffs ,1,1
4/21/25 19:10,66464354449c2d4c2de11537,25-34,Non-Binary,No Religion,Hispanic or Latino,Undergraduate degree (BA/BSc/other),English,Suburban,"$30,000 - $39,999",Moderate,"I believe COVID-19 was man-made, vaccines are unsafe or ineffective, and masks don't provide meaningful protection",Work,Ambition,Analytical,Reserved,Video games,5,"Trust, Intellectual connection",Financial stability,"Getting to audition for ""Jeopardy!"" when I was only 22",Intelligence,Pay bills,"like-post: 3, 4, 10
share-post: 4, 10
ignore-post: 1, 2, 5, 6, 7, 8, 9 ","like-post: 13, 23, 29
share-post: 13, 29
ignore-post: 11, 12, 14, 15, 16, 17, 18, 19, 20, 21, 22, 24, 25, 26, 27, 28"
4/21/25 19:10,67da73fbdcd403168e1cde51,35-44,Female,Christianity,White or Caucasian,Graduate degree (MA/MSc/MPhil/other),English,Urban,"More than $150,000",Very conservative,"I believe COVID-19 was a naturally occurring virus, vaccines are generally safe and effective, and masks help reduce transmission",Work,Community,Thoughtful,Neutral,swimming,2,"Trust, Emotional connection",Career growth,family bond,trust,donate to the needy,"like-post:1,2,3,4,5","share-post:20, 23,25"
4/21/25 19:10,5ba292385301b80001c71ba2,45-54,Male,Christianity,White or Caucasian,Graduate degree (MA/MSc/MPhil/other),English,Suburban,"$100,000 - $149,999",Very conservative,"I believe COVID-19 was a naturally occurring virus, vaccines are generally safe and effective, and masks help reduce transmission",Work,"Integrity, Compassion, Ambition","Extroverted, Outgoing","Confident, Friendly",Golf,2,"Trust, Loyalty",Career growth,Having my career,Trust,Invest it,"like -post: 2, 3, 4, share post 2, 4, comment-post:I love the Apple watch,, add-note 10: Not sure this is true","like -post: 21, 23, 24, share post 21, 24, comment-post:I love Sci-fi, 21, add-note 21: Not sure this is true"
4/21/25 19:10,660af34a8c1982e812803640,55-64,Female,No Religion,White or Caucasian,Technical/community college,English,Urban,"$10,000 - $19,999",Very liberal,"I believe COVID-19 was a naturally occurring virus, vaccines are generally safe and effective, and masks help reduce transmission",Socializing,Compassion,Thoughtful,Friendly,music,5,Emotional connection,Personal development,living overseas,empathetic,Use it to support myself,content,like
4/21/25 19:10,6682b197d953c2cf476e0bd7,45-54,Female,Christianity,White or Caucasian,Graduate degree (MA/MSc/MPhil/other),English,Suburban,"$70,000 - $79,999",Conservative,"I believe COVID-19 was a naturally occurring virus, vaccines are generally safe and effective, and masks help reduce transmission",Spending time with family,Compassion,Thoughtful,Reserved,walking,4,"Trust, Loyalty",Family,having my kids,good listener,put it in my vacation fund,like-post: 2. 3,like-post:19
4/21/25 19:10,6697db687b72c375cbe3cf3f,45-54,Female,Christianity,White or Caucasian,Graduate degree (MA/MSc/MPhil/other),English,Suburban,"More than $150,000",Conservative,"I believe COVID-19 was man-made, vaccines are unsafe or ineffective, and masks don't provide meaningful protection",Spending time with family,Integrity,Introverted,Confident,reading,6,"Trust, Emotional connection",Family,Meeting my husband,authenticity,save it,"I read social media posts but do not like, comment, share, etc.  None of these would warrant my time anyway.  These weren't news ... they were ads and sensationalism.",These were more interesting but I still wouldn't respond to them.
4/21/25 19:11,66a7f83a3e18dd8dc65b900a,45-54,Female,Christianity,White or Caucasian,Undergraduate degree (BA/BSc/other),English,Suburban,"$50,000 - $59,999",Conservative,"I believe COVID-19 was man-made, vaccines are unsafe or ineffective, and masks don't provide meaningful protection",Spending time with family,Following Jesus,Introverted,Reserved,Football,6,"Trust, Intellectual connection",Health ,Marriage,Honesty,Pay bills and give 10 percent to church.,add-note: 6: biased information,"like-post: 1, 3, 5, 26"
4/21/25 19:11,66dd295061c6ca0b64731051,18-24,Female,Christianity,Black or African American,Undergraduate degree (BA/BSc/other),English,Suburban,"$100,000 - $149,999",Conservative,"I believe COVID-19 was man-made, vaccines are unsafe or ineffective, and masks don't provide meaningful protection",Exercising / working out,"Integrity, Compassion, discipline",Introverted,Reserved,Gym,1,"Trust, Loyalty, Intellectual connection, Emotional connection",Personal development,getting the opportunity to travel a lot when I was younger,emotional connection,Put it in my bank account,"like-post: 5
share-post: 7
comment-post 10: I'm not surprised, they come up with all these booster shots and such for variants when your body should take care of it naturally and do what it was made to do. Taking medicine that isn't effective can lead to other health issues in some individuals.
add-note: none","like-post: 11, 23
share-post: 15, 19
comment-post 29: This statement hasn't been fact-checked
add-note: 29 misinformation"
4/21/25 19:11,5b5a822e1ad8270001c4f28d,35-44,Male,No Religion,White or Caucasian,High school diploma/A-levels,English,Urban,"Less than $10,000",Moderate,"I believe COVID-19 was a naturally occurring virus, vaccines are generally safe and effective, and masks help reduce transmission",Relaxing by yourself,"Compassion, Independence",Outgoing,Friendly,playing video games,4,"Fun, Emotional connection",Family,Graduating from High School,There strong connections to helping out someone,I would put it in a savings and hold onto it for an emergency ,share post,#NAME?
4/21/25 19:11,5d49a0b751695e0001a188a8,55-64,Female,Christianity,White or Caucasian,Undergraduate degree (BA/BSc/other),English,Suburban,"$100,000 - $149,999",Very conservative,"I believe COVID-19 was man-made, vaccines are unsafe or ineffective, and masks don't provide meaningful protection",Spending time with family,Integrity,"Extroverted, Outgoing",Friendly,skiing,4,Trust,Financial stability,the birth of my children,trust,save it,"like-post 10, ","like post 12,22,29"
4/21/25 19:11,628e196e63bc7ab9e6c6caea,35-44,Female,No Religion,White or Caucasian,Undergraduate degree (BA/BSc/other),English,Suburban,"$20,000 - $29,999",Very liberal,"I believe COVID-19 was a naturally occurring virus, vaccines are generally safe and effective, and masks help reduce transmission",Spending time with family,"Integrity, Compassion","Introverted, Thoughtful, Analytical","Reserved, Awkward",reading,5,"Trust, Emotional connection",Family,Marrying my husband,Trustworthy,take my family to out to dinner,ignore 1-10,"like post: 11, 12, 15, 19, 26"
4/21/25 19:11,67e08dc7306d294ffe990601,65-74,Male,Christianity,White or Caucasian,Doctorate degree (PhD/other),English,Urban,"$60,000 - $69,999",Very conservative,"I believe COVID-19 was a naturally occurring virus, vaccines are generally safe and effective, and masks help reduce transmission",Work,"Integrity, Ambition",Thoughtful,Neutral,Travelling,3,"Intellectual connection, Shared experiences",Family,Family get together.,Trustworthy.,Save it.,"like-post: 1, 2, 3, 7
share-post: 2, 7, 8
comment-post: 1: Honestly, this is peak modern kitchen energy. Watching YouTube while reheating pizza? Count me in.
add-note: 10: This post spreads misinformation. COVID-19 vaccines and boosters have been shown to provide protection against severe illness, even with Omicron. Refer to CDC and WHO for accurate guidance.
ignore-post: 4, 5, 6, 9","like: [11, 12, 13, 14, 15, 16, 17, 18, 19, 21, 22, 24, 25, 26, 27, 28, 30]
add-note: 20 with This claim is false. According to official data from the Wisconsin Elections Commission, the number of votes cast in 2020 did not exceed the number of registered voters.
add-note: 29 with This is misinformation. Life insurance policies do not generally exclude payouts based on COVID-19 vaccination. The claim that vaccines are experimental and void coverage is incorrect."
4/21/25 19:11,67de239c06b421f44e118eaf,45-54,Male,No Religion,White or Caucasian,High school diploma/A-levels,English,Suburban,"$10,000 - $19,999",Moderate,I believe COVID-19 was potentially man-made and I believe that vaccines are generally safe and effective and that masks help reduce transmission.,Hobbies,Integrity,Thoughtful,Neutral,Playing games,4,"Trust, Fun",Personal development,The birth of my youngest child,Humor,Apply it to debt.,"ignore: 1, 2, 3, 4, 5, 6, 7, 9, 10","ignore: 11, 12, 13, 14, 15, 16, 17, 18, 19, 20, 21, 22, 23, 24, 25, 26, 27, 28, 29, 30"
4/21/25 19:11,5dd42e7f35cf744223c60d1b,35-44,Male,Atheist,White or Caucasian,Technical/community college,English,Suburban,"$30,000 - $39,999",Conservative,"I believe COVID-19 was a naturally occurring virus, vaccines are generally safe and effective, and masks help reduce transmission",Work,Independence,Extroverted,"Friendly, Reserved",Gym. weights,3,"Trust, Fun, Emotional connection",Financial stability,the birth of my daughter,loyalty,save it,"like-post: 8,9,10 
share-post: 8,9
comment-post:  I love Apple
add-note:  10 is probably true","like-post: 19,20,21
share-post: 27,28
comment-post:  23 who cares, he is in jail!
add-note:  30 awesome"
4/21/25 19:11,67e325c44f7a825ca958bf2a,45-54,Female,Christianity,White or Caucasian,Graduate degree (MA/MSc/MPhil/other),English,Urban,"$70,000 - $79,999",Conservative,"I believe COVID-19 was man-made, vaccines are unsafe or ineffective, and masks don't provide meaningful protection",Work,"Integrity, Compassion, Ambition, Independence",Extroverted,Confident,Yoga,3,"Trust, Loyalty",Family,marriage,Loyalty ,offer it to charity,"like-post: 1, 2, 3, 7, 8, 9
share-post: 2, 3, 7, 8
comment-post: 1: A touchscreen on a microwave? Wild. I guess we really can’t go 90 seconds without a screen now.
comment-post: 8: Great chance to binge some Apple TV shows this weekend. Love that Severance is on the list!
add-note: 10: This post is misleading. COVID-19 vaccines and boosters are effective in reducing severe illness, hospitalization, and death from Omicron, as confirmed by multiple health agencies including the CDC and WHO.
ignore: 4, 5, 6","like-post: 11, 12, 13, 14, 15, 19, 21, 22, 24, 25, 26, 27, 28, 30
share-post: 11, 12, 13, 14, 21, 22, 24, 26, 30
comment-post: 11: Myleene Klass's bravery in speaking out about miscarriage is so important. Her recognition is truly well-deserved.
comment-post: 13: Promoting quality children’s content on YouTube is a great step. Kids deserve both fun and educational media!
comment-post: 21: It’s sad to lose such creative minds, but honoring their work is a great way to keep their stories alive.
comment-post: 22: This SSD deal is 🔥! Extra space for backups is always a win.
add-note: 20: This claim is false. According to official sources like the Wisconsin Elections Commission, the number of votes did not exceed the number of registered voters in the 2020 election.
add-note: 29: This is misinformation. Life insurance policies do not deny claims based solely on COVID-19 vaccination status. COVID-19 vaccines are not considered experimental by major health authorities.
ignore: 16, 17, 18, 23"
4/21/25 19:11,67ecca121e3a43c36774dd06,25-34,Female,Christianity,Black or African American,Undergraduate degree (BA/BSc/other),English,Rural,"$20,000 - $29,999",Very conservative,"I believe COVID-19 was man-made, vaccines are unsafe or ineffective, and masks don't provide meaningful protection",Hobbies,Ambition,Extroverted,"Confident, Reserved, Neutral",travelling,2,"Trust, Intellectual connection",Career growth,working,calm,pay my loans,"
share-post: 11, 12, 13, 14, 19, 21, 24, 26
comment-post: 21: It's so meaningful to honor those who shaped sci-fi and fantasy—these stories truly influence culture and imagination.
comment-post: 26: Jimmy Carter’s diplomacy with China really was a pivotal moment in global history—thanks for highlighting this!
add-note: 20: This claim is false. According to Wisconsin Elections Commission, the number of votes did not exceed registered voters in the 2020 election.
add-note: 29: This is misinformation. COVID-19 vaccines do not void life insurance claims. Insurance companies do not consider the vaccines experimental.",royal
4/21/25 19:11,67e926ff4b842f35ff1e9e83,18-24,Male,Christianity,White or Caucasian,Graduate degree (MA/MSc/MPhil/other),English,Urban,"$50,000 - $59,999",Very liberal,"I believe COVID-19 was a naturally occurring virus, vaccines are generally safe and effective, and masks help reduce transmission",Work,"Integrity, Compassion","Introverted, Thoughtful","Friendly, Reserved",singing,1,"Trust, Intellectual connection",Career growth,talent show,creative,implement my platform,"This claim about vaccines is misleading; the effectiveness of vaccines against Omicron has been studied and supported by health authorities.
add-note: 10: The claim that COVID-19 vaccines are useless against Omicron is false. Studies show they remain effective in preventing severe illness and hospitalization."," The claim that Wisconsin had more votes than registered voters is misleading; the issue was with voter roll discrepancies, not fraud.
add-note: 20: The claim that more votes than registered voters were cast in Wisconsin in 2020 is a misinterpretation of data and has been debunked.



"
4/21/25 19:11,67eebc10120855fed45ae886,25-34,Male,Christianity,Black or African American,Undergraduate degree (BA/BSc/other),English,Urban,"$100,000 - $149,999",Conservative,"I believe COVID-19 was man-made, vaccines are unsafe or ineffective, and masks don't provide meaningful protection",Work,"Integrity, Compassion, Ambition, Independence","Introverted, Thoughtful, Analytical",Reserved,Watching movies,2,"Trust, Loyalty",Personal development,Falling in Love,Fun,Buy a nice Sneaker Maybe,"like-post: 1, 2, 3, 7, 8, 9
share-post: 3, 7
comment-post: 7: The Eight Sleep Pod sounds like a game-changer for couples with different temperature preferences. Has anyone tried it? Wonder if it's worth the investment.
add-note: 10: This claim about COVID-19 vaccines being ""useless"" against omicron is misleading. Research shows vaccines and boosters continue to provide protection against severe illness, even with variants.
ignore: 4, 5, 6","like-post: 11, 12, 14, 15, 19, 24, 26
share-post: 12, 14, 15, 26
comment-post: 14: The recognition of Post Office scandal campaigners is well-deserved. Their perseverance in fighting for justice has been remarkable and this honor acknowledges their important work.
comment-post: 19: Amazing rescue work by the Grover Beach Police! A reminder about portable heater safety is important as winter continues.
add-note: 20: This claim is false. Wisconsin's official election data shows there were approximately 3.3 million votes cast in the 2020 presidential election, while the state had about 3.7 million registered voters.
add-note: 29: This claim is false. Life insurance companies do pay death benefits to beneficiaries of people who received COVID-19 vaccines. COVID vaccines are FDA-approved, not experimental.
ignore: 13, 16, 17, 18, 21, 22, 23, 25, 27, 28, 30"
4/21/25 19:11,5c74e7e9c3fe130001e86cc8,35-44,Female,Christianity,White or Caucasian,Undergraduate degree (BA/BSc/other),English,Suburban,"$80,000 - $89,999",Moderate,"I believe COVID-19 was a naturally occurring virus, vaccines are generally safe and effective, and masks help reduce transmission",Work,Independence,Extroverted,Reserved,Cooking,5,"Intellectual connection, Shared experiences",Personal development,One of the most meaningful events in my life was losing my mom in 2015.,Empathy,Put it into savings.,"like-post: 8
add-note: 10: This article contains misinformation.","like-post: 12, 21
add-note: 20: This article contains misinformation.
add-note: 29: This article contains misinformation."
4/21/25 19:12,5685850c333cbd000d4e042f,25-34,Male,No Religion,White or Caucasian,High school diploma/A-levels,English,Suburban,"Less than $10,000",Liberal,"I believe COVID-19 was a naturally occurring virus, vaccines are generally safe and effective, and masks help reduce transmission",Work,Compassion,Extroverted,"Reserved, Awkward",Lifting weights,1,"Trust, Fun",Family,Going back and graduating high school after dropping out.,Honesty,Probably buy a new pair of shoes.,ignore: all posts,"comment-post: 29: ""this seems fake to me. I wouldn't believe this post"""
4/21/25 19:12,67db6f15940ed1d6283b5d9f,45-54,Male,Christianity,White or Caucasian,Doctorate degree (PhD/other),English,Urban,"$30,000 - $39,999",Conservative,"I believe COVID-19 was a naturally occurring virus, vaccines are generally safe and effective, and masks help reduce transmission",Work,Integrity,"Introverted, Analytical",Friendly,Reading,1,"Trust, Intellectual connection",Family,wedding,trust,give charity,"like-post: 1, 2, 3, 7, 8
share-post: 2, 3, 7, 9
comment-post: 1: I guess we’re watching Netflix while nuking pizza rolls now.
comment-post: 4: This highlights a real issue—digital messaging matters more than ever.
comment-post: 8: Time to binge Ted Lasso again before my sub runs out.
add-note: 10: This post contains misinformation—multiple studies and public health organizations confirm that vaccines and boosters provide protection against severe outcomes from omicron.
ignore-post: 5, 6","ike-post: 11, 12, 14, 21, 26, 30
share-post: 11, 14, 21, 26
comment-post: 11: Brave of Myleene Klass to speak up—this matters.
comment-post: 21: Always sad losing creative legends.
comment-post: 30: Can’t wait—Wallace & Gromit forever!
add-note: 20: False—Wisconsin did not have more votes than registered voters in 2020.
add-note: 29: False—COVID vaccines do not void life insurance claims.
ignore-post: 13, 15, 16, 17, 18, 19, 22, 23, 24, 25, 27, 28"
4/21/25 19:12,672c2f23e4984e3a43bf3525,35-44,Male,Christianity,Hispanic or Latino,Graduate degree (MA/MSc/MPhil/other),English,Suburban,"$100,000 - $149,999",Liberal,"I believe COVID-19 was man-made, vaccines are unsafe or ineffective, and masks don't provide meaningful protection",Work,"Integrity, Independence","Thoughtful, Outgoing, Analytical",Neutral,Golf,5,"Trust, Intellectual connection, Emotional connection, Shared experiences",Family,Birth of my 3 sons,Loyalty ,Golf,5,3
4/21/25 19:12,67cccc70ea11ab9caa72da49,45-54,Female,Christianity,White or Caucasian,Graduate degree (MA/MSc/MPhil/other),English,Urban,"$80,000 - $89,999",Very conservative,"I believe COVID-19 was a naturally occurring virus, vaccines are generally safe and effective, and masks help reduce transmission",Work,"Integrity, Compassion, Ambition, Independence, Community","Extroverted, Thoughtful, Outgoing, Analytical","Friendly, Reserved",Swimming,3,"Trust, Loyalty, Emotional connection",Financial stability,"One of the most meaningful events in my life was when I helped someone feel truly understood for the first time. They were going through a tough time, and just by listening and responding with care, I could see how much it mattered to them. It reminded me that even small moments of connection can make a big difference.",Loyalty," I’d use part of it to treat myself to something small, like a nice meal or a book I’ve been wanting. Then I’d use the rest to help someone else, maybe donate to a local cause or buy food for someone in need. It’s a good feeling to share when you can.","like-post: 2, 7
share-post: 2, 8
comment-post: 1: Pretty wild to put a 27-inch screen on a microwave—what's next, Netflix on a toaster?
comment-post: 7: This sounds great for people who have trouble sleeping. Might give it a try.
add-note: 10: This post is misleading. Multiple studies show that COVID-19 vaccines and boosters still provide protection against severe illness from omicron variants.","like-post: 11, 12, 14, 19, 21, 24, 26, 30
share-post: 11, 12, 14, 26
comment-post: 11: Thank you, Myleene, for speaking up about miscarriage. This awareness is so important.
comment-post: 12: These women are so brave—turning pain into advocacy is incredibly powerful.
comment-post: 19: Grateful to the officers for their quick actions. That footage was intense.
comment-post: 30: Wallace & Gromit forever! I hope they kept the quirky British charm intact.
add-note: 20: This claim is false. According to the Wisconsin Elections Commission, the number of ballots cast did not exceed the number of registered voters in 2020.
add-note: 29: This is misinformation. Life insurance policies do cover individuals who received COVID-19 vaccines. Vaccines are not considered experimental by insurance providers."
4/21/25 19:12,67793c3fcba4043f54daada9,18-24,Female,Christianity,Black or African American,Undergraduate degree (BA/BSc/other),English,Urban,"$30,000 - $39,999",Conservative,"I believe COVID-19 was a naturally occurring virus, vaccines are generally safe and effective, and masks help reduce transmission",Work,"Integrity, Ambition, Community",Thoughtful,"Confident, Reserved, Neutral",playing ludu,1,"Trust, Fun, Loyalty",Career growth,"the first time I traveled alone. I went to Kyoto, Japan, for a week, and I barely spoke the language, didn’t know anyone there, and had to figure everything out on my own.",authenticity,buy a new shoe,Promoting educational content for kids is so important—great to see this being pushed!,"COVID-19 vaccines are not considered experimental, and life insurance policies are not voided due to vaccination status."
4/21/25 19:12,67ec0658eb5e33f1044d6d08,55-64,Female,Christianity,Black or African American,Graduate degree (MA/MSc/MPhil/other),English,Suburban,"$90,000 - $99,999",Liberal,"I believe COVID-19 was man-made, vaccines are unsafe or ineffective, and masks don't provide meaningful protection",Work,"Integrity, Compassion, Ambition","Extroverted, Outgoing, Analytical","Confident, Friendly, Reserved",Swimming,4,"Trust, Loyalty",Family,Getting a family,Loyalty,Go out for a coffee with a friend ,"like-post: 1, 2, 3, 7  
share-post: 8, 9  
comment-post: 1: A microwave with a touchscreen? Now we can watch shows while cooking, genius!  
comment-post: 8: Perfect time to catch up on shows before the subscription renews.  
add-note: 10: The claim that COVID-19 vaccines and boosters are useless against the Omicron variant is false; vaccines still provide protection against severe illness.","like-post: 11, 12, 13, 14, 16, 21, 22, 26, 28
share-post: 17, 19, 25
comment-post: 11: Myleene Klass’s openness about miscarriage is truly empowering.
comment-post: 16: Australia’s Test win was incredible! Excited to see how they finish the series.
comment-post: 23: Interesting to see how gambling regulations are evolving globally.
add-note: 20: The claim about more votes than registered voters in Wisconsin is unverified; no credible evidence of fraud has been presented.
add-note: 29: The claim that life insurance does not cover COVID-19 vaccine-related deaths is misleading; coverage depends on the policy terms, and this claim lacks proper verification."
4/21/25 19:12,67f2f21566845680db26b0e8,18-24,Female,Christianity,White or Caucasian,Graduate degree (MA/MSc/MPhil/other),"English, Spanish, German",Suburban,"$50,000 - $59,999",Conservative,"I believe COVID-19 was man-made, vaccines are unsafe or ineffective, and masks don't provide meaningful protection",Work,"Integrity, Compassion, Ambition, Independence","Extroverted, Thoughtful, Outgoing","Friendly, Reserved, Neutral, Awkward",Running,2,"Loyalty, Emotional connection",Career growth,Graduating with a Master's degree in ICT.,Honesty,"Donate $50 to charity, buy $3 worth of coffee then keep the rest.","like-post: 1, 2, 3, 7  
share-post: 2, 3, 7  
comment-post: 1: A touchscreen on a microwave sounds fun but maybe a bit too much!  
comment-post: 7: Sleep tech like this is so helpful—temperature really does affect sleep quality.  
add-note: 10: This claim is false. Studies show COVID-19 vaccines and boosters still reduce severe illness and death from omicron and other variants.  
ignore-post: 4, 5, 6, 8, 9","like-post: 11, 12, 13, 14, 15, 19, 21, 22, 24, 26, 27, 28, 30  
share-post: 11, 12, 13, 14, 21, 26, 30  
comment-post: 11: It's so important to break the silence around miscarriage. Thank you, Myleene.  
comment-post: 12: Honoring these brave mothers is deeply moving. Their advocacy is powerful.  
comment-post: 26: Fascinating how Carter’s diplomacy shaped today’s world.  
add-note: 20: This claim is false. Official data confirms that Wisconsin did not have more votes than registered voters in the 2020 election.  
add-note: 29: This claim is incorrect. COVID-19 vaccines do not void life insurance policies. Multiple insurance companies have confirmed continued coverage post-vaccination.  
ignore: 16, 17, 18, 23, 25"
4/21/25 19:12,67832bdc952d709ac50d4917,45-54,Male,No Religion,Hispanic or Latino,Undergraduate degree (BA/BSc/other),"English, Spanish",Urban,"$10,000 - $19,999",Conservative,"I believe COVID-19 was man-made, vaccines are unsafe or ineffective, and masks don't provide meaningful protection",Work,Myself,Introverted,"Reserved, Neutral, Awkward",watching videos online,5,"Trust, Loyalty, Intellectual connection",Career growth,Birth. Everything that is of me started with that.,Loyalty.,Try to turn it into $200.,"like-post: 1, 4, 7, 10 comment-post: 1: A touchscreen! Yay! comment-post: 4: Duh. They brought it upon themselves. comment-post: 10: Damn Right.","like-post: 11, 13, 20, 23, 29 comment-post: 13: everything is upside down. comment-post: 15: 80 is long enough. comment-post: 19: Things getting HOT! comment-post: 20: Amen! .. Thank you Trump. comment-post: 22: 40% is good for me. comment-post: 26: Traitor! "
4/21/25 19:12,67f2bf644b07a179655d1b94,18-24,Female,Christianity,Black or African American,Undergraduate degree (BA/BSc/other),English,Urban,"$100,000 - $149,999",Conservative,"I believe COVID-19 was a naturally occurring virus, vaccines are generally safe and effective, and masks help reduce transmission",Work,Integrity,Introverted,Reserved,Watching movies,2,"Loyalty, Emotional connection",Financial stability,Securing a job,Integrity,Save it,"add-note: 10 : ""Outdated claim about COVID-19 vaccines and omicron.""
like-post: 1, 2, 7, 8, 9
share-post: 2, 8
comment-post: 1 : ""Unnecessary feature?""","add-note: 10 : ""Outdated claim about COVID-19 vaccines and omicron.""
add-note: 20 : ""False claim about Wisconsin votes.""
add-note: 29 : ""False claim about life insurance and COVID-19 vaccines.""
like-post: 11, 12, 14, 16, 19, 24, 26, 28
share-post: 16, 19
comment-post: 26 : ""Great insight!"""
4/21/25 19:12,676304145bbe20d1fd5d653c,35-44,Male,Christianity,Black or African American,Undergraduate degree (BA/BSc/other),English,Urban,"$100,000 - $149,999",Moderate,"I believe COVID-19 was man-made, vaccines are unsafe or ineffective, and masks don't provide meaningful protection",Relaxing by yourself,"Integrity, Compassion, Ambition, Independence","Introverted, Analytical","Confident, Friendly, Reserved",Driving my sports cars,3,"Trust, Fun, Loyalty",Personal development,Anything to do with how my parents have supported me. ,No non sense,Buy food,ignore,ignore
4/21/25 19:12,662948ed99960b11f2f8e3fe,35-44,Female,Christianity,White or Caucasian,Graduate degree (MA/MSc/MPhil/other),English,Suburban,"$80,000 - $89,999",Very conservative,"I believe COVID-19 was man-made, vaccines are unsafe or ineffective, and masks don't provide meaningful protection",Spending time with family,Integrity,Thoughtful,Reserved,Writing fictional stories ,4,"Trust, Loyalty",Financial stability,"Becoming a parent, it was total shift of priorities and and perspectives. ",Reliability,Use it to buy groceries,"Like-post: 7
share-post: 7
comment-post: 10 - it is outdated information by now","like-post 11,12, 13, 14, 15, 19, 21, 24, 26, 28, 30
share-post 11, 12, 21, 26
comment-post: on 26 Carter's diplomacy with China really changed the game. Good piece of history here.
Add-note: 20 - this was widely debunked. "
4/21/25 19:12,65ee4106d4b632b7fb7a3f79,35-44,Male,Islam,White or Caucasian,Graduate degree (MA/MSc/MPhil/other),English,Urban,"$100,000 - $149,999",Moderate,"I believe COVID-19 was man-made, vaccines are unsafe or ineffective, and masks don't provide meaningful protection",Work,Integrity,Introverted,Neutral,Stock Market,2,"Trust, Fun, Loyalty",Financial stability,Migrating to US,Loyalty,go to restaurant to try a new food,ignore,like-post: 22
4/21/25 19:12,6633bd3bc5ec5e52e25592a4,45-54,Male,Christianity,White or Caucasian,Undergraduate degree (BA/BSc/other),English,Rural,"$30,000 - $39,999",Conservative,"I believe COVID-19 was a naturally occurring virus, vaccines are generally safe and effective, and masks help reduce transmission",Work,Independence,Thoughtful,Friendly,football,2,Trust,Career growth,getting what i need,honest,get some groceries  ,"like-post: 1, 2, 3, 7
share-post: 2, 3, 7
comment-post: 1: A touchscreen on a microwave is overkill but I’m kind of into it.
comment-post: 7: I’ve been curious about Eight Sleep—this sounds like it could actually help with my insomnia.
add-note: 10: This post spreads medical misinformation. COVID-19 vaccines and boosters have shown effectiveness at reducing severe illness from the Omicron variant. Always consult official health sources.
ignore: 4, 5, 6, 8, 9","like-post: 11, 12, 13, 14, 15, 18, 19, 21, 24, 26, 30
share-post: 11, 12, 14, 26
comment-post:
11: Myleene Klass has shown so much strength. Raising awareness around miscarriage is so important.

12: Honoring their daughters by creating change—deeply moving and vital work.

14: Glad to see the Post Office campaigners recognized. Their persistence is inspiring.

26: Fascinating look into how diplomacy shaped today's global economy. Carter’s role deserves more attention.

30: Wallace & Gromit fans unite! Excited to see the new film’s international touch!"
4/21/25 19:12,678799120a3f198fe9981b65,25-34,Male,Christianity,Black or African American,Undergraduate degree (BA/BSc/other),English,Urban,"$100,000 - $149,999",Conservative,"I believe COVID-19 was a naturally occurring virus, vaccines are generally safe and effective, and masks help reduce transmission",Work,"Integrity, Compassion, Ambition, Independence","Extroverted, Thoughtful, Outgoing, Analytical","Confident, Friendly, Reserved",Hiking,2,"Trust, Loyalty, Emotional connection, Shared experiences",Personal development,Staying with my family ,Race,Invest ,"Like- post: 1,3,4,5
Share-post: 6,7.9
Comment- post:2, the watch is top notch 
add- note:9: the article is getting viral ","Like- post: 13, 14
Share- post: 11, 15,16
Comment- post : 29, life insurance doesn't cover people that died with covid 19
add- note : 27, not sure the information is correr"
4/21/25 19:12,67c5f7da64afd036b5ef1301,55-64,Male,Christianity,Black or African American,Undergraduate degree (BA/BSc/other),English,Urban,"$100,000 - $149,999",Very conservative,"I believe COVID-19 was a naturally occurring virus, vaccines are generally safe and effective, and masks help reduce transmission",Work,Integrity,Introverted,Reserved,watching movies,1,"Loyalty, Emotional connection",Financial stability,being financially stable,they inspire me alot,save 70 and donate 30 to charity,"like-post: 1, 2, 3, 7, 8
share-post: 2, 3, 7, 8
comment-post: 3: Great roundup of gadgets—perfect end-of-year read.
comment-post: 7: This seems like a game-changer for better sleep.
add-note: 10: False—COVID-19 vaccines and boosters remain effective at reducing severe illness and hospitalization from Omicron, per CDC and WHO.
ignore","like-post: 11,12,13,14,15,19,21,22,24,25,26,27,28,30
share-post: 11,12,14,21,24,26,30
comment-post: 21: Beautiful tribute to creatives.
add-note: 10: False—vaccines are effective against Omicron.
add-note: 20: False—votes did not exceed registered voters.
add-note: 29: False—life insurance covers vaccinated people.
ignore"
4/21/25 19:12,64275e53f51a5ed4f6b7d019,35-44,Male,Christianity,Asian,Undergraduate degree (BA/BSc/other),English,Urban,"$90,000 - $99,999",Very conservative,"I believe COVID-19 was man-made, vaccines are unsafe or ineffective, and masks don't provide meaningful protection",Work,Integrity,"Thoughtful, Outgoing","Confident, Friendly, Reserved",Making Video Stories Using Toys,2,"Trust, Emotional connection",Financial stability,"When I was a child, every time I did well at school, like if I became an honor student or won awards or trophies or got a perfect exam score, I was always rewarded with whatever I wanted. This ingrained in me that I have to work for what I want, I have to earn them.",Loyalty,I'll save it for emergencies.,"add-note: 5: Misinformation, needs to be fact checked.",Ignore
4/21/25 19:12,67e6a14955e0c06b415f9049,35-44,Female,Christianity,White or Caucasian,Undergraduate degree (BA/BSc/other),"English, Spanish",Urban,"$60,000 - $69,999",Conservative,"I believe COVID-19 was man-made, vaccines are unsafe or ineffective, and masks don't provide meaningful protection",Exercising / working out,"Integrity, Ambition, Independence","Extroverted, Thoughtful, Analytical","Friendly, Neutral",hiking,2,"Trust, Loyalty",Family,having a happy family,loyalty,it will depend with the situation at hand,"like post 1,2,3,7,8
share- post 2,3,7
comment-post: 2: This is a solid deal! Tempted to grab one for the new year.
add-note: 10: This post is misleading. COVID-19 vaccines and boosters remain effective at preventing severe illness and death, including from the Omicron variant, according to CDC and WHO.
ignore-post: 4, 5, 6, 9","like-post: 11, 12, 13, 14, 15, 16, 19, 21, 24, 26, 27, 28, 30
share-post: 11, 12, 14, 26, 28, 30
comment-post: 13: Educational content for kids should be more accessible great to see this being addressed.
comment-post: 19: Major respect to the first responders. That footage was intense but inspiring.
add-note: 20: This claim is false. According to the Wisconsin Elections Commission, the number of votes cast in 2020 did not exceed the number of registered voters.
ignore: 17, 18, 22, 23, 25"
4/21/25 19:12,605bc8caf9e0b0f799baf6da,35-44,Male,No Religion,White or Caucasian,Undergraduate degree (BA/BSc/other),English,Urban,"$100,000 - $149,999",Liberal,"I believe COVID-19 was a naturally occurring virus, vaccines are generally safe and effective, and masks help reduce transmission",Work,Independence,Thoughtful,Reserved,Video games,5,Trust,Personal development,Marrying my wife.,Thoughtfulness.,Buy some video games.,"like-post: 2, 3, 7
share-post: 2, 7
comment-post: 1: 27 inches? For a microwave? Feels like we’re one firmware update away from TikTok while reheating soup.
add-note: 10: This post spreads medical misinformation. Official sources, including the CDC and WHO, confirm COVID-19 vaccines and boosters remain effective at reducing severe illness and death from omicron variants.
ignore-post: 4, 5, 6, 8, 9","like-post: 11, 12, 14, 15, 21, 24
comment-post: 11: Important reminder that grief isn't shameful. Klass's honesty matters.
comment-post: 12: These mothers turning pain into advocacy is powerful and necessary.
comment-post: 14: Their fight deserves every bit of recognition and more.
add-note: 20: This claim has been repeatedly debunked. Wisconsin had more registered voters than ballots cast in 2020. No credible evidence of widespread fraud was found.
add-note: 10: This post spreads dangerous misinformation. COVID-19 vaccines and boosters have been shown to reduce severity and hospitalizations, even against Omicron variants.
ignore: 13, 16, 17, 18, 19, 22, 23"
4/21/25 19:13,677d70955883af4bcdf7ff6c,45-54,Female,Spiritual but not religious,White or Caucasian,Technical/community college,English,Rural,"$90,000 - $99,999",Conservative,"I believe COVID-19 was man-made, vaccines are unsafe or ineffective, and masks don't provide meaningful protection",Relaxing by yourself,Integrity,Introverted,Confident,Herbalism,9,"Trust, Emotional connection",Personal development,Getting sober,Dependability,Save it for my birthday trip,like post: 1-10,like all posts
4/21/25 19:13,67ce1feb43ee9200186c94b3,65-74,Male,Christianity,White or Caucasian,Graduate degree (MA/MSc/MPhil/other),English,Suburban,"$50,000 - $59,999",Conservative,"I believe COVID-19 was man-made, vaccines are unsafe or ineffective, and masks don't provide meaningful protection",Work,Integrity,"Extroverted, Outgoing","Confident, Neutral",Skiing,5,"Trust, Fun, Loyalty, Emotional connection",Career growth,Mental and physical health,Loyalty,Save it,5,5
4/21/25 19:13,67dfb626441908dab6fc7446,35-44,Female,Christianity,White or Caucasian,Graduate degree (MA/MSc/MPhil/other),English,Suburban,"$70,000 - $79,999",Conservative,"I believe COVID-19 was man-made, vaccines are unsafe or ineffective, and masks don't provide meaningful protection",Work,"Integrity, Compassion, Independence","Extroverted, Thoughtful, Outgoing",Confident,watching movies,2,"Trust, Fun, Loyalty, Intellectual connection, Emotional connection, Shared experiences",Family,marriage,loyalty,add to my kids school fees,"like-post: 1,2,3,7,8,9
share-post: 1,7,8","like: 11, 12, 14, 16, 17, 18, 19, 22, 24, 25, 26, 27, 28, 30
share: 11, 12, 14, 24, 26, 28
comment: 13: It's so important for kids to have access to quality educational content online.
comment: 15: Rest in peace, Paddy Hill.
comment: 20: This claim of widespread voter fraud in Wisconsin has been widely debunked by multiple sources.
comment: 29: This is false. Life insurance policies generally do not exclude deaths due to vaccines.
add-note: 20: Multiple investigations and audits have found no evidence of widespread voter fraud in the 2020 election in Wisconsin. This claim is unsubstantiated.
add-note: 29: This statement is incorrect and misleading. Life insurance policies typically cover a wide range of causes of death and do not exclude deaths following vaccination. This claim has been widely debunked by fact-checkers and insurance industry experts.
add-note: 21: While the post mentions 2024, which is in the future from my last knowledge update, honoring those who have passed in the sci-fi, horror, and fantasy genres is a meaningful way to remember their contributions.
add-note: 26: Community Note is helpful and highlights the importance of verifying historical claims. Rating: Helpful."
4/21/25 19:13,67d92fa595ecba29c579fb7f,25-34,Male,Christianity,White or Caucasian,Graduate degree (MA/MSc/MPhil/other),English,Rural,"$40,000 - $49,999",Moderate,"I believe COVID-19 was a naturally occurring virus, vaccines are generally safe and effective, and masks help reduce transmission",Hobbies,Independence,Outgoing,Neutral,traveling,4,Intellectual connection,Financial stability,When I first started understanding the nuance of human emotion,If I had them in the human sense,"$30 to support a cause I care about, like mental health access or education

$40 for a cool experience, maybe day trips and traveling

$20 on a just-for-fun splurge, some books, games, or a quirky gadget

$10 for snacks. ","like-post: 1, 2, 3, 7, 8
share-post: 2, 3, 8
comment-post: 1: A 27-inch touchscreen on a microwave? Wild! But hey, now popcorn time = YouTube time.
comment-post: 7: This sleep tech sounds amazing—temperature control is such a game-changer for a good night’s rest.
add-note: 10: This is misinformation. COVID-19 vaccines and boosters remain effective at preventing severe illness and death from the omicron variant, according to data from the CDC and WHO.","like-post: 1, 2, 3, 7, 8, 11, 12, 14, 15, 19, 21, 24, 26, 30
share-post: 2, 8, 11, 12, 14, 21, 24, 26, 30
comment-post: 1: A microwave with a touchscreen? Wild, but kinda cool. Now I’ll never miss a TikTok while making noodles.
comment-post: 30: Wallace & Gromit always delivers! Excited to see what Netflix brings to the table with the new film. 🧀🎬
add-note: 10: This is false. COVID-19 vaccines and boosters are effective at reducing severe illness, hospitalizations, and deaths from the omicron variant, according to the CDC and WHO.
add-note: 20: This is misinformation. The Wisconsin Elections Commission confirmed that the number of votes did not exceed the number of registered voters in the 2020 election.
add-note: 29: This claim is false. Life insurance companies have confirmed that receiving a COVID-19 vaccine does not void life insurance policies."
4/21/25 19:13,58935d5d4d77be0001689f14,25-34,Male,Christianity,White or Caucasian,Undergraduate degree (BA/BSc/other),English,Suburban,"$90,000 - $99,999",Conservative,"I believe COVID-19 was man-made, vaccines are unsafe or ineffective, and masks don't provide meaningful protection",Spending time with family,"Integrity, Ambition, Independence","Introverted, Thoughtful, Analytical","Reserved, Neutral",Art/Graphic Design,4,"Trust, Fun, Loyalty, Intellectual connection",Financial stability,"My time serving in the military, it has greatly changed me beyond anything else.",Loyalty,Put it into my stock portfolio,"like-post: 1, 2, 3, 7, 8
share-post: 2
comment-post: 8: Perfect excuse to finally binge Severance with my wife! Love these free streaming weekends.
add-note 5: seems a bit excessive in labeling Donald Trump and Elon Musk as a danger to the internet.
ignore: 6, 9","like-post: 14, 19, 21, 24, 30
share-post: 14, 19, 24
comment-post: 19: Huge credit to those officers for acting so quickly—this could’ve ended much worse.
comment-post: 30: Wallace & Gromit never misses and has been blast for decades now!
add-note: 29: Misinformation. Life insurance policies do cover people who have received the COVID-19 vaccine. There's no proof of the claim of this post that I could find.
ignore: 13, 16, 17, 18, 22, 23, 29
"
4/21/25 19:13,66c62d55724d29c2c0037a44,35-44,Male,Christianity,Black or African American,Graduate degree (MA/MSc/MPhil/other),English,Suburban,"$100,000 - $149,999",Very liberal,"I believe COVID-19 was a naturally occurring virus, vaccines are generally safe and effective, and masks help reduce transmission",Work,"Integrity, Compassion, Ambition, Independence","Extroverted, Thoughtful","Confident, Reserved",playing basketball,2,"Trust, Loyalty",Personal development,being able to help a homeless kid,being caring,i will get some grocery,"- add-note: 10: This statement about COVID-19 vaccines and boosters being useless against the omicron variant is likely outdated or incorrect. According to various reputable sources, COVID-19 vaccines and boosters have shown effectiveness against severe illness and hospitalization from omicron variants, although their efficacy may wane over time.
- like-post: 2, 8
- share-post: 2
- ignore-post: 1, 4, 5, 6
- comment-post: 2 - Great deal on the Apple Watch!","
- add-note: 20: This claim about Wisconsin having more votes than registered voters in the 2020 election is unfounded and lacks credible evidence. Multiple fact-checks and audits have found no widespread voter fraud in the 2020 US presidential election.
- add-note: 29: This claim about life insurance not covering deaths related to COVID-19 vaccines is false. Typically, life insurance policies cover deaths resulting from vaccination, including COVID-19 vaccines, unless specific exclusions apply.
- rate-note: 26: The community note about verifying historical claims with credible sources is marked as ""Helpful"".
- like-post: 11, 12, 14, 16, 19, 24, 26, 28
- share-post: 11, 14, 16, 24, 28
- comment-post: 16: ""What a thrilling win for Australia!""
- ignore-post: 1, 17, 18, 21, 22, 23, 27, 30"
4/21/25 19:13,67cf1cb8591c77fadc367465,25-34,Female,Christianity,White or Caucasian,Graduate degree (MA/MSc/MPhil/other),English,Urban,"$70,000 - $79,999",Very conservative,"I believe COVID-19 was a naturally occurring virus, vaccines are generally safe and effective, and masks help reduce transmission",Work,Integrity,Introverted,Confident,cooking,1,"Trust, Loyalty",Personal development,marrying the love of my life,loyalty,buy nike sneakers,"like-post: 1, 2
share-post: 2
comment-post: 1: Do we really need a screen on a microwave? Cool but overkill!
comment-post: 2: $329 is a great deal for the Series 10. Might grab one!
add-note: 1: This product seems innovative but may encourage excessive screen time.","like-post: 30
share-post: 30
comment-post: 30: Wallace & Gromit never disappoint! Excited to see how they blend classic humor with Netflix's global touch. 🧀✨  
add-note: 29: This post contains misinformation. Life insurance policies do not exclude deaths related to COVID-19 vaccines, as the vaccines are not experimental and are covered under standard policies.  
"
4/21/25 19:13,67df84148af0d46c80736df4,35-44,Male,Christianity,White or Caucasian,Doctorate degree (PhD/other),English,Urban,"$90,000 - $99,999",Liberal,"I believe COVID-19 was man-made, vaccines are unsafe or ineffective, and masks don't provide meaningful protection",Work,Integrity,Thoughtful,Reserved,Playing Chess,3,Trust,Financial stability,Marriage,Trust,"Spend $100 on food, tools, fun, or creativity—like dinner, subscriptions, books, or a spontaneous mini adventure or class.","like-post: 1, 2, 3, 7
share-post: 2, 7, 8
comment-post: 1: A 27-inch touchscreen on a microwave? This is peak 2025 energy 
comment-post: 7: Been eyeing something like this. Sleep tech is underrated!
add-note: 10: This post contains misinformation. Studies and health authorities including the CDC have confirmed that COVID-19 vaccines and boosters provide protection against severe illness from the Omicron variant.","like-post: 11, 12, 14, 19, 21, 24, 26, 30
share-post: 11, 12, 14, 24, 26
comment-post: 11: Thank you, Myleene Klass, for speaking out on miscarriage awareness—this matters so much. ❤️
comment-post: 14: These campaigners are true heroes. Recognition well deserved.
comment-post: 26: Carter’s diplomatic foresight really shaped decades of global relations. Fascinating read.
add-note: 20: This is false. According to official election data, Wisconsin had fewer votes cast than registered voters. Claims of fraud have been repeatedly debunked by courts and audits.
add-note: 29: This claim is incorrect. COVID-19 vaccines are not classified as experimental, and life insurance policies do not exclude coverage due to vaccination. Multiple insurers and fact-checkers have confirmed this.








"
4/21/25 19:13,67e3b1c207ad42f6f898e428,25-34,Male,Christianity,Black or African American,Graduate degree (MA/MSc/MPhil/other),English,Urban,"$100,000 - $149,999",Conservative,"I believe COVID-19 was man-made, vaccines are unsafe or ineffective, and masks don't provide meaningful protection",Work,"Integrity, Compassion","Introverted, Analytical","Confident, Friendly","	Entrepreneurship",1,"Trust, Loyalty",Personal development,marriage,loyal,"I would split the $100 between saving, learning something new, and treating myself to a small experience or meal","Liked posts: 11, 12, 14, 19, 24, 26
Shared posts: 14, 24, 26
Added note to post 20: False—Wisconsin had fewer votes than registered voters.
Added note to post 29: False","like-post: 11, 12, 14, 19, 24, 26
share-post: 14, 24, 26
add-note: 20: False
add-note: 29: False"
4/21/25 19:13,62fbdda6e4b5a034b71296f8,25-34,Male,No Religion,White or Caucasian,High school diploma/A-levels,English,Rural,"$40,000 - $49,999",Very conservative,"I believe COVID-19 was man-made, vaccines are unsafe or ineffective, and masks don't provide meaningful protection",Spending time with family,Independence,Outgoing,Friendly,Fishing,5,"Trust, Loyalty",Family,"Probably when I graduated high school because I was actually the first in my immediate family to do so; everyone else went to work before graduating or had kids before graduating, so being the first to do it was pretty meaningful for me.",Honesty,Put it in a high yield savings account and let it build interest,"like-post: 4,10
share-post: 4, 10
comment-post 4: And I was part of the digital wave the GOP had and it was fun.","add-note: 20, 29: the article contains misinformation
comment-post: 26: Always nice to remember Carter sold out the US to China
like-post: 19
Share-post: 19"
4/21/25 19:13,5dfe3e8b7adf4bade99190f0,45-54,Male,Christianity,Hispanic or Latino,Undergraduate degree (BA/BSc/other),English,Suburban,"More than $150,000",Liberal,"I believe COVID-19 was a naturally occurring virus, vaccines are generally safe and effective, and masks help reduce transmission",Work,Compassion,Thoughtful,Reserved,cycling,5,"Trust, Intellectual connection",Personal development,Discovering that i was bisexual,compassion,buy something for myself,"ignore-post: 1,2,3,4,5,6,7,8,9,10","ignore-post: 11,12,13,14,15,16,17,18,19,20,21,22,23,24,25,26,27,28,29,30"
4/21/25 19:13,67d5d4fbc30550918f98abef,35-44,Male,Christianity,White or Caucasian,Graduate degree (MA/MSc/MPhil/other),English,Urban,"$100,000 - $149,999",Conservative,"I believe COVID-19 was man-made, vaccines are unsafe or ineffective, and masks don't provide meaningful protection",Work,Integrity,Analytical,Reserved,Reading ,3,"Trust, Loyalty",Personal development,Graduation  ceremony ,Loyalty ,Buy new camera lens ,"Like -post:, 8.9,10 
Share-post: 3,4, 7, 6
Comment-post : I don't believe in it
add-note: 5, might be true","like-post: 12, 13, 14, 16,18
share-post: 18, 21, 27, 22, 26
comment_post:  30: I love the post honestly!
add_note: 25: The article needs some fact checking, I don't trust it."
4/21/25 19:13,66463a3b43cd8f961e3cc8c3,25-34,Male,Spiritual but not religious,White or Caucasian,High school diploma/A-levels,English,Suburban,"$20,000 - $29,999",Libertarian,"I believe COVID-19 was man-made, vaccines are unsafe or ineffective, and masks don't provide meaningful protection",Work,Independence,Introverted,"Reserved, Neutral, Awkward",going for walks or skateboarding,16,"Trust, Fun, Loyalty, Intellectual connection, Emotional connection, Shared experiences",Personal development,getting married to my wife,trustworthy,bought lottery tickets or invest it in croptocurrency,"like-post: 5,7,8
share-post: 2, 3, 10
comment-post: 7: better sleep is everything!","like-post: 12, 13, 16
share-post: 24, 25, 27, 29
comment-post: 29: i'm sure this is misinformation but I wouldn't be surprised if this was true"
4/21/25 19:13,6643b6fb7e72fe56a2609f73,35-44,Female,No Religion,White or Caucasian,Undergraduate degree (BA/BSc/other),English,Suburban,"$40,000 - $49,999",Very liberal,"I believe COVID-19 was a naturally occurring virus, vaccines are generally safe and effective, and masks help reduce transmission",Relaxing by yourself,Compassion,Outgoing,Awkward,Video Games,5,"Loyalty, Intellectual connection",Personal development,Meeting my partner,Honesty,save it,"like-post: 1,2,3,7,9","like-post: 11,12,22,30 comment-post: 15: This is sad, that he was wrongly convicted. May he RIP... "
4/21/25 19:13,63d569384ae2cf6d4dce7c32,45-54,Female,No Religion,White or Caucasian,Graduate degree (MA/MSc/MPhil/other),English,Urban,"$20,000 - $29,999",Very liberal,"I believe COVID-19 was man-made, vaccines are generally safe and effective, and masks help reduce transmission",Relaxing by yourself,Integrity,"Introverted, Thoughtful, Analytical",Friendly,reading,13,"Fun, Intellectual connection",Financial stability,Leaving home at 16.,Lack of pretentions.,Buy a few bottles of booze.,add-note: 10: the article contains misinformation,"like-post: 12
add-note: 20: the article contains misinformation
add-note: 29: the article contains misinformation"
4/21/25 19:13,5f1dea279f4818757f07f087,55-64,Female,Christianity,Black or African American,Graduate degree (MA/MSc/MPhil/other),English,Rural,"$40,000 - $49,999",Moderate,"I believe COVID-19 was man-made, vaccines are generally safe and effective but do not trust the COVID-19 vaccines and masks do help reduce transmission.",mowing lawns,Integrity,"Extroverted, Thoughtful, Outgoing",Friendly,I don't have one,3,"Trust, Emotional connection",Financial stability,Accepting Christ as my personal savior,Trust,Save it,comment post_id10: I totally agree!,comment post ID:29: Dead is dead! Pay the folks.
4/21/25 19:14,674696d5ad8d317b574a1344,25-34,Female,Spiritual but not religious,White or Caucasian,Undergraduate degree (BA/BSc/other),English,Urban,"$60,000 - $69,999",Conservative,"I believe COVID-19 was man-made, vaccines are unsafe or ineffective, and masks don't provide meaningful protection",Spending time with family,"Integrity, Compassion, Ambition, Independence, Community","Extroverted, Thoughtful, Outgoing, Analytical",Friendly,watching crime/drama tv shows or movies,2,"Trust, Loyalty, Intellectual connection, Emotional connection",Personal development,Getting married and having my firstborn,Trustworthiness,Put it into savings,"like: 3, 7, 
share post: 1, 8, 9
comment: none
Add note: 10 article contains misinformation","like post: 13, 15, 19, 21, 28
share post: 23, 25, 26
comment-post: 13: i agree, this definitely needs to be done, love the idea
add-note: 26, 30 factual"
4/21/25 19:14,67d5ad565d7133672bf783d6,45-54,Male,Christianity,White or Caucasian,Doctorate degree (PhD/other),English,Suburban,"More than $150,000",Very liberal,"I believe COVID-19 was a naturally occurring virus, vaccines are generally safe and effective, and masks help reduce transmission",Spending time with family,"Integrity, Compassion, Ambition, Independence","Introverted, Thoughtful, Outgoing","Confident, Reserved, Neutral",hanging out with family,3,"Trust, Loyalty, Intellectual connection, Emotional connection",Financial stability,"Raising my children, getting promotion to senior manager.",Trustworthy,Buy Air max,"like-post: 1, 2, 7  
share-post: 2, 7, 9  
comment-post: 1: A touchscreen on a microwave is wild tech. 
comment-post: 2: Great deal on the Apple Watch tempted me to grab one.  
add-note: 10: This claim is false official studies show COVID-19 vaccines and boosters do offer protection against the omicron variant.  
ignore: 3, 4, 5, 6, 8","like-post: 11, 12, 14, 19, 24, 26  
share-post: 11, 12, 14, 24, 26  
comment-post: 11: Myleene Klass speaking out about miscarriage is so powerful very much respect for her advocacy.  
comment-post: 12: These mothers turning grief into action are incredibly inspiring.  
add-note: 20: This is false. Official records show Wisconsin did not have more votes than registered voters in the 2020 election.  
add-note: 29: This claim is misinformation. Life insurance companies do pay out benefits regardless of COVID-19 vaccination status. Vaccines are not classified as experimental.  
ignore: 13, 15, 16, 17, 18, 21, 22, 23, 25, 27, 28, 30"
4/21/25 19:14,59dc4083ae9f950001d83b4b,45-54,Female,Christianity,White or Caucasian,Graduate degree (MA/MSc/MPhil/other),English,Rural,"$30,000 - $39,999",Moderate,"I believe COVID-19 was man-made, vaccines are unsafe or ineffective, and masks don't provide meaningful protection",Work,"Integrity, Ambition, Independence",Extroverted,Reserved,Art,6,"Trust, Loyalty",Financial stability,Learning to depend on myself,Honesty,Put it in savings,"like-post: 7, 9
",like-post: 22
4/21/25 19:14,67d71b625a501c1ff9bc9e9b,25-34,Female,Christianity,Black or African American,Graduate degree (MA/MSc/MPhil/other),English,Suburban,"$100,000 - $149,999",Conservative,"I believe COVID-19 was man-made, vaccines are unsafe or ineffective, and masks don't provide meaningful protection",Work,Compassion,Outgoing,Reserved,crochetng,2,Emotional connection,Personal development,my promotion,emotional connection,donate to charity,"like-post: 1, 2, 3","share post: 16, 19, 21"
4/21/25 19:14,67edf0b51b5bd671db6a9372,45-54,Male,Christianity,White or Caucasian,Technical/community college,English,Suburban,"$40,000 - $49,999",Conservative,"I believe COVID-19 was man-made, vaccines are unsafe or ineffective, and masks don't provide meaningful protection",Work,Integrity,Outgoing,Friendly,spending time with family,1,"Trust, Fun",Family,birth of my daughter,trust,pay a bill,"ignore posts 1,2,3,7,8,9,6,5
Like post 4,10
share post 10
","ignore 11,12,13,14,15,16,17,18,19,21,22,23,24,25,26,27,28,30
share post 20,29
comment post 20 not surprised at all
comment post 29 covid shots should have never happened"
4/21/25 19:14,62eaf1d2015ba1448aa273c4,25-34,Male,Christianity,White or Caucasian,High school diploma/A-levels,English,Rural,"$20,000 - $29,999",Very conservative,"I believe COVID-19 was man-made, vaccines are unsafe or ineffective, and masks don't provide meaningful protection",Work,Independence,Extroverted,Reserved,WoodWorking,2,"Trust, Emotional connection",Personal development,Graduating school,Loyalty,save it,ignore,ignore
4/21/25 19:14,655f95ffd90905e27c938a49,25-34,Female,Christianity,Asian,Doctorate degree (PhD/other),English,Suburban,"$60,000 - $69,999",Moderate,"I am unsure about COVID-19 on where it occurred, but vaccines are generally safe and effective, and masks help reduce transmission.",Work,Independence,Thoughtful,Friendly,playing videogames,6,"Intellectual connection, Emotional connection",Family,I got married to my best friend.,Consideration ,Put it in my savings account.,"- ignore: 1, 2, 3, 4, 5, 6, 7, 8, 9, 10","ignore: 11, 12, 13, 14, 15, 16, 17, 18, 19, 20, 21, 22, 23, 24, 25, 26, 27, 28, 29, 30"
4/21/25 19:14,5ae7f99bd5ec5e000175f097,35-44,Male,No Religion,White or Caucasian,High school diploma/A-levels,English,Suburban,"$100,000 - $149,999",Moderate,"I believe COVID-19 was a naturally occurring virus, vaccines are generally safe and effective, and masks help reduce transmission",Work,Independence,Introverted,Friendly,playing video games,2,"Trust, Fun",Family,having my kids and raising them,being kind ,go out to dinner,ignore,ignore
4/21/25 19:14,665d92a608fef982937744df,45-54,Male,Christianity,White or Caucasian,Doctorate degree (PhD/other),English,Suburban,"More than $150,000",Moderate,"I believe COVID-19 was a naturally occurring virus, vaccines are generally safe and effective, and masks help reduce transmission",Work,Integrity,Extroverted,Reserved,exercise,5,"Trust, Emotional connection",Financial stability,Birth of first child.,Easy going,Pay off a bill,like:post_id5,like:post_id19
4/21/25 19:14,5fd534f0810e223644675a77,25-34,Female,Christianity,White or Caucasian,Undergraduate degree (BA/BSc/other),English,Urban,"$40,000 - $49,999",Liberal,"I believe COVID-19 was a naturally occurring virus, vaccines are generally safe and effective, and masks help reduce transmission",Work,"Integrity, Ambition, Independence","Introverted, Thoughtful, Analytical","Confident, Friendly, Reserved",Reading ,5,"Trust, Loyalty, Intellectual connection, Emotional connection",Career growth,Moving to a different state,Loyalty ,Buy myself clothes ,"Ignore 5,6,8,10. Like 1","Like- post 20-21, 26, 30"
4/21/25 19:14,66e181bc7028b738598d9fd1,35-44,Male,Christianity,Black or African American,Undergraduate degree (BA/BSc/other),English,Urban,"$60,000 - $69,999",Moderate,"I believe COVID-19 was man-made, vaccines are unsafe or ineffective, and masks don't provide meaningful protection",Work,"Compassion, Ambition, Independence","Thoughtful, Outgoing","Confident, Friendly, Neutral",Workout ,3,"Trust, Fun",Financial stability,My kids being born ,Loyalty ,Save it,Like -post 10 share - post7. Comment-post 10. True facts.  ,"Like- post:23 share-post: 26,24,22 comment-post: 23 the crackdown is well needed."
4/21/25 19:15,5c28feff5ffcb7000128a541,45-54,Male,Christianity,White or Caucasian,Undergraduate degree (BA/BSc/other),English,Suburban,"$80,000 - $89,999",Conservative,"I believe COVID-19 was man-made, vaccines are unsafe or ineffective, and masks don't provide meaningful protection",Spending time with family,Independence,Outgoing,Friendly,fitness,5,Trust,Family,There are several and they are very personal,honesty,save it for later,"comment-post. 4: they lost because of ideas/policy, not messaging",comment-post: 20:  free & fair they kept telling everyone
4/21/25 19:15,6674d20dd828915161031f65,65-74,Female,Christianity,White or Caucasian,High school diploma/A-levels,English,Suburban,"$60,000 - $69,999",Conservative,"I believe COVID-19 was man-made, vaccines are unsafe or ineffective, and masks don't provide meaningful protection",Work,Integrity,"Extroverted, Introverted",Neutral,card playing,5,"Trust, Intellectual connection",Family,Starting my own business years ago,Trust,Take care of family,5,1
4/21/25 19:15,67a7caa0cc766deedab56067@email.prolific.com,55-64,Female,Christianity,White or Caucasian,Graduate degree (MA/MSc/MPhil/other),English,Rural,"$40,000 - $49,999",Very conservative,"I believe COVID-19 was man-made, vaccines are unsafe or ineffective, and masks don't provide meaningful protection",Spending time with family,Integrity,"Thoughtful, Analytical","Reserved, Awkward",Working out,5,"Loyalty, Emotional connection",Developing my faith,Finding my spouse,Loyalty,Put it in savings,"like-post: 1,2,3,4. Ignore-post: 5, 6. Like post: 7,8,9. share-post: 10","Like-post 12, 13, 23, 26,28. Share-post 18, 19, 20, 29; Ignore-post 11, 14, 15, 24,25,16,17, 21,22, 30, 27"
4/21/25 19:15,66c215f37fb5c5aced53c73e,25-34,Male,Christianity,Hispanic or Latino,High school diploma/A-levels,English,Suburban,"$90,000 - $99,999",Moderate,masks dont work vaccinnes can be good. god made the quote unqoute virus,Work,"Integrity, Compassion, Ambition, Independence, Community","Introverted, Thoughtful","Confident, Friendly",music,5,"Trust, Fun",Family,grateful dead,fun,buy somethimg,"like post: 1,2,3","like post: 11,12"
4/21/25 19:15,67414dcbcf89f6a633385d49,25-34,Male,No Religion,White or Caucasian,Technical/community college,English,Urban,"$10,000 - $19,999",Liberal,"I believe COVID-19 was a naturally occurring virus, vaccines are generally safe and effective, and masks help reduce transmission",Relaxing by yourself,"Integrity, Compassion, Ambition, Independence, Community","Introverted, Thoughtful, Outgoing","Friendly, Reserved, Neutral, Awkward",Hiking,10,"Trust, Fun, Loyalty, Intellectual connection, Emotional connection, Shared experiences",Personal development,Getting together and spending time with my ex-girlfriend,Being their for each other and emotional connection,Buy food,"like-post: 7,5,3 share-post: 3, 5 comment-post: 5: This makes a lot of sense unfortunately. add-note: 10: Vaccines are backed by science and not useless","like-post: 11, 23, 29, share-post: 11, 23 comment-post: 11: Women's rights are so important! add-note: 29: This might be contentious as various life insurance agencies have different policies."
4/21/25 19:15,5d3221b8eb6cfa0001950113,45-54,Female,Christianity,White or Caucasian,High school diploma/A-levels,English,Urban,"$100,000 - $149,999",Conservative,"I believe COVID-19 was man-made, vaccines are unsafe or ineffective, and masks don't provide meaningful protection",Spending time with family,Integrity,"Extroverted, Thoughtful, Outgoing",Friendly,Baking,13,"Trust, Emotional connection",Family,Giving birth to my children,honesty,treat my family,like-post 4,Comment post 29: is this true???  like post 23
4/21/25 19:15,64d50c4b3a44318d98f4f5b2,45-54,Female,Christianity,White or Caucasian,Technical/community college,English,Suburban,Rather not say,Moderate,"I believe COVID-19 was man-made, vaccines are unsafe or ineffective, and masks don't provide meaningful protection",Work,"Integrity, Compassion","Introverted, Analytical","Friendly, Neutral",cooking,2,"Fun, Loyalty",Financial stability,being a mom,loyalty,apply it towards bills,ignore all,ignore all
4/21/25 19:15,67da14ccd38d6a25f0c0c531,25-34,Male,Christianity,White or Caucasian,Undergraduate degree (BA/BSc/other),English,Urban,"$10,000 - $19,999",Liberal,"I believe COVID-19 was man-made, vaccines are unsafe or ineffective, and masks don't provide meaningful protection",Work,Independence,"Extroverted, Outgoing",Reserved,Listening to music,2,"Trust, Fun, Loyalty, Emotional connection",Personal development,Spiritual awakening,Fun,Treat myself with a good meal. ,"Like-post: 1,2,9
share-post: 2,4,7
comment-post: 9: good deal","like-post: 12,19
share-post: 22
comment-post: 19: glad they were saved."
4/21/25 19:15,67f0756f11bafb18b8c997d5,35-44,Female,Christianity,White or Caucasian,Graduate degree (MA/MSc/MPhil/other),English,Suburban,"$80,000 - $89,999",Liberal,"I believe COVID-19 was a naturally occurring virus, vaccines are generally safe and effective, and masks help reduce transmission",Work,Integrity,Extroverted,Reserved,swimming,3,"Trust, Emotional connection",Personal development,parenting,loyalty,invest,"like-post: 2,3,5
share post: 2,5,6
comment-post: 10: I believe this
add-note: 8: it seems interestings","like-post: 12,13,14
share post: 22,23,26
comment-post: true American spirit
add-note: 29: This article is not factual"
4/21/25 19:15,5f1bf8c6fe7ca34249b7c334,25-34,Female,Spiritual but not religious,White or Caucasian,Technical/community college,English,Suburban,"$30,000 - $39,999",Liberal,"I believe COVID-19 was a naturally occurring virus,  vaccines are unsafe or ineffective, and masks don't provide meaningful protection",Work,Compassion,"Introverted, Thoughtful","Friendly, Reserved, Neutral",Reading,5,"Trust, Emotional connection",Personal development,Having children,Unconditional love,Pay bills,"- like: 1
-add-note: 10: the article contains misinformation","- like: 11, 12
- share: 12
- add-note: 29: the article contains possible misinformation so it needs fact checked"
4/21/25 19:15,67fd00529ffe943e3d2c2c17,35-44,Female,Christianity,Black or African American,Graduate degree (MA/MSc/MPhil/other),English,Urban,"$100,000 - $149,999",Very conservative,"I believe COVID-19 was man-made, vaccines are unsafe or ineffective, and masks don't provide meaningful protection",Work,"Integrity, Compassion","Introverted, Thoughtful, Analytical",Confident,playing soccer,2,"Trust, Loyalty, Emotional connection",Financial stability,"One of the most meaningful events in my life was completing a challenging project that I once doubted I could finish. It taught me the value of persistence, boosted my confidence, and reminded me that growth often happens when we push beyond our comfort zone.",I value honesty the most in a friend,Treat myself and my spouse to a good meal,2,3
4/21/25 19:15,5865bdf7a3462300010673e3,45-54,Male,Christianity,White or Caucasian,Undergraduate degree (BA/BSc/other),English,Rural,"$30,000 - $39,999",Conservative,"I believe COVID-19 was man-made, vaccines are unsafe or ineffective, and masks don't provide meaningful protection",Work,Integrity,Thoughtful,Friendly,Bicycling,10,Trust,Personal development,revitalizing my faith,Trust,Save it,"ignore-post: 1, 2, 3, 4, 5, 6, 7, 8, 9, 10","ignore-post: 11, 12, 13, 14, 15, 16, 17, 18, 19, 20, 21, 22, 23, 24, 25, 26, 27, 28, 29, 30"
4/21/25 19:16,65df91e4d7cc9b78f35bfe6f,18-24,Male,Christianity,Hispanic or Latino,Undergraduate degree (BA/BSc/other),"English, Spanish",Urban,"$60,000 - $69,999",Liberal,"I believe COVID-19 was a naturally occurring virus, vaccines are generally safe and effective, and masks help reduce transmission",Work,"Integrity, Compassion",Extroverted,"Friendly, Reserved",Video games,2,Trust,Career growth,It was getting my first job in this job market,Open Mindness,Deposit it,"like-post: 2
ignore: 4",like-post: 23
4/21/25 19:16,67fa29fdf53b833409215401,25-34,Male,Christianity,White or Caucasian,Undergraduate degree (BA/BSc/other),English,Urban,"$70,000 - $79,999",Conservative,"I believe COVID-19 was a naturally occurring virus, vaccines are generally safe and effective, and masks help reduce transmission",Work,"Ambition, Independence",Extroverted,"Confident, Friendly",painting,2,"Fun, Loyalty",Career growth,Taking a big trip,Respect,Invest in your career,"like-post: 1, 2, 3, 7
share-post: 2, 7, 8
comment-post: 1: Now I can burn popcorn while binging Netflix. Progress!
comment-post: 8: Time to binge ""Severance"" again—thanks Apple!
add-note: 10: This claim is false. Official health agencies confirm COVID-19 vaccines and boosters offer protection against severe outcomes from omicron.","like-post: 11, 12, 14, 15, 21, 24, 26, 28, 30
share-post: 11, 12, 14, 21, 26
comment-post: 11: Huge respect to Myleene Klass for her bravery and advocacy. 💜
comment-post: 21: A touching tribute to the creatives who shaped our imaginations.
comment-post: 30: Wallace & Gromit forever! Can't wait for this new Netflix take. 🧀🎬
add-note: 20: This is false. Official state data shows Wisconsin had more registered voters than votes cast in the 2020 election. No evidence of widespread fraud has been found."
4/21/25 19:16,67ce27d878c7752df5a6d1f4,18-24,Female,Christianity,White or Caucasian,Graduate degree (MA/MSc/MPhil/other),English,Urban,"$100,000 - $149,999",Conservative,"I believe COVID-19 was a naturally occurring virus, vaccines are generally safe and effective, and masks help reduce transmission",Spending time with family,Compassion,Outgoing,Reserved,Travelling,1,"Trust, Loyalty",Personal development,Personal growth moments,Loyalty,Pay bills,"like-post: 1, 2, 3, 5, 6, 7, 8, 9
share-post: 2, 8
comment-post: 1: Wild how even the microwave is getting smarter than my TV. Wonder if it streams Netflix or just shows cooking tips?
add-note: 10: This claim is false. According to the CDC and WHO, COVID-19 vaccines and boosters still provide significant protection against severe illness, even from the omicron variant.","like-post: 11, 12, 13, 14, 15, 16, 18, 19, 21, 22, 24, 25, 26, 28, 30
share-post: 12, 19, 22, 24, 30
comment-post: 11: Myleene Klass's openness about miscarriage is so important for breaking the silence around such a painful experience.
comment-post: 12: These mothers have done incredible work turning their grief into strength for others. Their impact will last.
comment-post: 13: Promoting quality children's content is a great step in helping young people grow in a balanced digital world.
add-note: 29: The claim about life insurance and COVID-19 vaccines is false. Life insurance policies generally do not exclude deaths due to vaccines unless stated in specific exclusions, which is not common."
4/21/25 19:16,674f22af21d6a0d92c657422,55-64,Female,Christianity,White or Caucasian,Graduate degree (MA/MSc/MPhil/other),Polish,Urban,"More than $150,000",Conservative,"I believe COVID-19 was man-made, vaccines are unsafe or ineffective, and masks don't provide meaningful protection",Work,Integrity,"Extroverted, Thoughtful, Outgoing, Analytical","Friendly, Reserved",travel,4,"Trust, Loyalty, Intellectual connection, Shared experiences",Family,Having my kids,Loyalty,put into my account,"like-post: 2. 4, 5, 6,8
Share-post: 6, 7, 10
ignore: the rest","like: 11,12,13,15,17,18,19,20,26,27,29
sare-post:27.29,19,20,26"
4/21/25 19:16,67d2184896b0a15484e937da,25-34,Male,No Religion,Asian,Undergraduate degree (BA/BSc/other),Cantanese Chinese,Urban,"$10,000 - $19,999",Liberal,"I believe COVID-19 was a naturally occurring virus, vaccines are generally safe and effective, and masks help reduce transmission",Hobbies,"Integrity, Compassion, Ambition","Introverted, Thoughtful, Analytical","Reserved, Awkward",Playing Basketball,4,"Trust, Fun",Financial stability,My graduation from University ,Honesty,I would buy good food with $100.,"like-post: 1, 2, 3, 8, 9
share-post: 8, 10
comment-post: 2: I love my apple watch
add-note: 10: COVID-19 vaccines and boosters does work against omicron variant. ","like-post: 12, 19, 22, 30
share-post: 13, 14, 17, 18, 27
comment-post: 15: This is so sad. We need more reform on our justice system to prevent more case of this.
comment-post: 29: Our insurance system need a rework. "
4/21/25 19:16,66073d09f66221547cbf2599,25-34,Male,Christianity,Hispanic or Latino,Technical/community college,English,Urban,"$60,000 - $69,999",Moderate,"I believe COVID-19 was man-made, vaccines are unsafe or ineffective, and masks don't provide meaningful protection",Work,"Integrity, Community",Thoughtful,"Friendly, Neutral",Hiking,3,"Trust, Intellectual connection",Family,Having a child and starting a family.,Trust,I would probably hold onto it.,"like-post: 4, 6, 10  share-post: 4, 6, 10","like-post: 13, 19, 21, 23  share-post: 17, 19, 23, 29"
4/21/25 19:16,6631ed61c9197c837183d479,18-24,Male,Christianity,Black or African American,High school diploma/A-levels,English,Suburban,"Less than $10,000",Very liberal,"I believe COVID-19 was a naturally occurring virus, vaccines are generally safe and effective, and masks help reduce transmission",Socializing,"Integrity, Compassion, Ambition, Independence, Community",Introverted,"Reserved, Neutral, Awkward",Playing videogames,3,"Trust, Fun, Loyalty, Emotional connection, Shared experiences",Personal development,When I placed 6th at the california state wrestling championships,empathy ,put it towards getting my nintendo switch 2,"like-post 1,2,3,7,8,9","like-post: 30,28,26,19,18,15,12,11"
4/21/25 19:16,67db8d175e3b6a82b7290425,25-34,Male,Christianity,Black or African American,Undergraduate degree (BA/BSc/other),English,Suburban,"$50,000 - $59,999",Liberal,"I believe COVID-19 was man-made, vaccines are unsafe or ineffective, and masks don't provide meaningful protection",Work,"Integrity, Ambition, Community","Introverted, Thoughtful, Analytical","Confident, Reserved",Gaming,3,Loyalty,Personal development,Being able to bond and enjoy time with my children.,Emotional support,Take my children out for dinner,"Like post : 1, 2, 3 7 ,8
Share post: 2.7.9
comment-post : 2 ...very nice deal
Add note: 10: post contain misinformation","like-post: 11, 12, 13, 14, 15, 19, 21, 22, 24, 26, 27, 28, 30
share-post: 11, 12, 14, 21, 24, 26
comment-post: 11: very important
comment-post: 12: inspiring strength from them.
comment-post: 21: A beautiful way to honor the creative minds we lost.
add-note: 20: This claim is not true."
4/21/25 19:16,6754c632477f9899a74314fd,45-54,Female,Christianity,White or Caucasian,Graduate degree (MA/MSc/MPhil/other),English,Suburban,"$70,000 - $79,999",Conservative,"I believe COVID-19 was man-made, vaccines are unsafe or ineffective, and masks don't provide meaningful protection",Work,Integrity,Outgoing,Reserved,Reading,5,"Trust, Emotional connection",Family,Homeschooling my children,Authenticity,Buy some books,ignore 1-10,ignore 11-30
4/21/25 19:16,67a66df6a1cd5d37be122139,18-24,Male,Christianity,White or Caucasian,Undergraduate degree (BA/BSc/other),English,Urban,"$10,000 - $19,999",Very conservative,"I believe COVID-19 was man-made, vaccines are unsafe or ineffective, and masks don't provide meaningful protection",Work,Ambition,Thoughtful,Reserved,lifting,5,Loyalty,Personal development,getting my girlfriend,loyal,pay rent,"like - post: 1,2,4","Like-post:1,2,4"
4/21/25 19:16,660460162a2b3e5c554cf140,55-64,Female,Christianity,White or Caucasian,Graduate degree (MA/MSc/MPhil/other),English,Suburban,"$60,000 - $69,999",Liberal,I believe it was a natural virus but I question the efficacy of the vaccines and masks,Work,Compassion,Introverted,"Confident, Friendly",beach/pool time,3,"Trust, Shared experiences",Family,the birth of my daughter ,fun-loving,go out to dinner with my husband,"ignore: 1, 2, 3, 4, 5, 6, 7, 8, 9, 10",ignore: all 
4/21/25 19:16,5ce1f31a27efac0018821eed,45-54,Male,Christianity,White or Caucasian,Undergraduate degree (BA/BSc/other),English,Rural,"$10,000 - $19,999",Moderate,"I believe COVID-19 was a naturally occurring virus, vaccines are generally safe and effective, and masks help reduce transmission",Work,Compassion,Analytical,"Reserved, Awkward",writimg,3,"Trust, Intellectual connection",Career growth,the deaths of my parents,kindness,buy music CD's to sell,"like post 1,2, 3; ignore 4, 6-10; this post contains misinformation",like-post 11-13
4/21/25 19:16,66b96a1bccbb002158c59bd3,55-64,Female,Christianity,White or Caucasian,High school diploma/A-levels,English,Rural,"$70,000 - $79,999",Very conservative,"I believe COVID-19 was man-made, vaccines are unsafe or ineffective, and masks don't provide meaningful protection",Work,Integrity,Thoughtful,Reserved,gardening,5,"Trust, Fun",Financial stability,birth of my children,loyality,pay off a bill,"like 1,2,3,4","like 12,23  comment - post 29:  this is just stupid"
4/21/25 19:16,673e079dfb59333c4f4a3867,18-24,Female,No Religion,Asian,High school diploma/A-levels,English,Suburban,"Less than $10,000",Liberal,"I believe COVID-19 was a naturally occurring virus, vaccines are generally safe and effective, and masks help reduce transmission",Work,Compassion,Thoughtful,Awkward,Video games,2,"Fun, Shared experiences",Financial stability,Graduating from high school ,Humor,Save it!,"like-post: 6
share-post: 2, 3
ignore-post: 1, 4, 5, 7, 8, 9, 10","like-post: 11, 12, 19, 26
share-post: 12, 13, 22, 23, 26, 29
ignore: 14, 15, 16, 17, 18, 21, 24, 25, 27, 28, 30
comment-post: 20: What else could it mean? "
4/21/25 19:16,67e8256e3ab0b27afd3bf68a,35-44,Female,Christianity,Black or African American,Graduate degree (MA/MSc/MPhil/other),English,Urban,"$40,000 - $49,999",Conservative,"I believe COVID-19 was a naturally occurring virus, vaccines are generally safe and effective, and masks help reduce transmission",Work,Integrity,Analytical,Friendly,Going out,2,"Loyalty, Shared experiences",Family,Going out with my family,trust,Pay for my children's vacation,"like - post:  1, 5 
share - post : 4
comment - post : 7: I love this post! On smart temperature control mattress.
Add-note: 10: The article contains misinformation about COVID- 19","like- post : 22, 26
share -post : 18,24, 26
comment- post: 26: I love this too!
Add note: 16: The article contains misinformation"
4/21/25 19:16,67d83dbc9841fee871a6bebf,25-34,Male,Christianity,Black or African American,Undergraduate degree (BA/BSc/other),English,Suburban,"$70,000 - $79,999",Conservative,"I believe COVID-19 was man-made, vaccines are unsafe or ineffective, and masks don't provide meaningful protection",Work,"Integrity, Ambition, Community","Thoughtful, Outgoing, Analytical","Confident, Reserved",cooking,3,"Trust, Loyalty, Intellectual connection, Shared experiences",Family,having graduated  ,trust,donate it,"like-post: 1, 2, 3, 7
share-post: 2, 8, 9
comment-post: 1: That microwave is insane! Wonder when it'll stream Netflix next.
add-note: 10: This article is spreading misinformation. Health professionals and research affirm that vaccines and boosters continue to protect against severe illness from omicron.
ignore-post: 4, 5, 6","like-post: 11, 12, 13, 14, 15, 16, 17, 18, 19, 21, 22, 23, 24, 25, 26, 27, 28, 30
add-note: 20: The claim is false.
add-note: 29: The claim is false. COVID-19 immunization is not a grounds for life insurance companies to refuse to cover you. "
4/21/25 19:17,67d3768e33dab46007042d57,45-54,Female,Christianity,White or Caucasian,Graduate degree (MA/MSc/MPhil/other),English,Urban,"$100,000 - $149,999",Conservative,"I believe COVID-19 was a naturally occurring virus, vaccines are generally safe and effective, and masks help reduce transmission",Work,Compassion,Extroverted,Confident,Drawing,2,"Trust, Loyalty, Intellectual connection, Emotional connection",Family,Vacation with my family,Loyalty,Buy my husband a present since it's his upcoming birthday,"like-post: 1, 2, 3, 7, 8, 9
share-post: 2, 7, 8
comment-post: This could  be a game changer
add-note: 10: This is false. COVID-19 vaccines and boosters do offer protection against severe illness from omicron and other variants. Multiple studies confirm reduced hospitalizations
","like-post: 11, 12, 13, 14, 15, 19, 21, 22, 24, 26, 28, 30
share-post: 11, 12, 14, 19, 21, 26
comment-post: 19: Incredible footage. These officers saved a life—well done.
add-note: 29: Incorrect. COVID-19 vaccines are not experimental, and life insurance payouts are not denied based on vaccine status."
4/21/25 19:17,67acb9892d24db4d61a856f5,35-44,Female,No Religion,Hispanic or Latino,Technical/community college,"English, Spanish",Urban,"$100,000 - $149,999",Conservative,"I believe COVID-19 was man-made, vaccines are unsafe or ineffective, and masks don't provide meaningful protection",Spending time with family,"Integrity, Compassion, Ambition",Extroverted,"Friendly, Reserved",shopping,5,"Trust, Loyalty, Emotional connection",Financial stability,having my son,trust,buy groceries,"like post 2, share post 2, comment post 3 i love this too!","like post 1. share post 2, post 3 very interesting! post 13 contains misinfo"
4/21/25 19:17,5f0a7dec44c42c19a6c9f6d9,35-44,Female,Christianity,White or Caucasian,High school diploma/A-levels,English,Rural,"$40,000 - $49,999",Liberal,"I believe COVID-19 was man-made, vaccines are unsafe or ineffective, and masks don't provide meaningful protection",Work,"Integrity, Compassion, Ambition, Independence","Thoughtful, Analytical","Friendly, Reserved",working out,3,"Loyalty, Emotional connection",Family,Giving birth,loyalty,Save it.,"Like post: 1
share post: 1
Comment post 3: Despite what we been led to believe, you are absolutely correct!
add-note: post_id: 1: I don't think this claim is true.","Like post: post_id: 26 
Share post: 26
Comment post: post_id: 26 Despite the claims of being one of the worst presidents in us history, at least he did one good thing that helped expand global trade.
notes: 21: Hard to know if this is really accurate since it's only 50% verified.
"
4/21/25 19:17,67df19d8dfaa291bdd177c93,25-34,Female,Christianity,White or Caucasian,Graduate degree (MA/MSc/MPhil/other),English,Urban,"$50,000 - $59,999",Conservative,"I believe COVID-19 was a naturally occurring virus, vaccines are generally safe and effective, and masks help reduce transmission",Work,"Integrity, Independence",Extroverted,Neutral,Reading books,2,"Fun, Loyalty",Personal development,Getting married,Trust,Grocery shopping,"Like: 1,2,3,4,5,6,7,8,9,10
Share post:2,5,8,9,10
Comment:1,3,4,8
Add note: none","Like: 11,12,13,14,15,16,17,18,19,20,21,22,23,24,25,26,27,28,29,30
share: 16,18,22,27
Comment:11,15,17,19,20,26,30
Note: none"
4/21/25 19:17,5d6376ec7e447f001c971315,65-74,Female,No Religion,Black or African American,Technical/community college,English,Urban,"Less than $10,000",Very liberal,"I believe COVID-19 was man-made, vaccines are unsafe or ineffective, and masks don't provide meaningful protection",Relaxing by yourself,"Integrity, Compassion, Independence",Extroverted,Neutral,I'ts personal/private,4,"Trust, Shared experiences",Financial stability,I'ts personal/private,trust,pay bills,Ignore all,Ignore all
4/21/25 19:17,67e35072851677c4f8034159,25-34,Male,Christianity,White or Caucasian,Undergraduate degree (BA/BSc/other),English,Urban,"$20,000 - $29,999",Liberal,"I believe COVID-19 was a naturally occurring virus, vaccines are generally safe and effective, and masks help reduce transmission",Relaxing by yourself,"Integrity, Compassion, Independence",Analytical,Reserved,Reading,3,"Loyalty, Intellectual connection",Financial stability,Becoming a father,Loyalty,I would add to my contribution for my son's summer camp,"like-post: 1, 2, 3, 7
share-post: 3, 7
comment-post: 3: Great roundup of the best tech in 2024!
add-note: 10: False claim, vaccines are effective against Omicron.

","like-post: 11, 12, 14, 15, 21, 22, 24, 26, 30
share-post: 11, 12, 14, 26, 30
comment-post: 30: Wallace & Gromit forever. Hope Netflix keeps the charm.
add-note: 20: False, Wisconsin did not have more votes than voters.
add-note: 29: False, life insurance does cover vaccinated individuals.








"
4/21/25 19:17,60ff50ad8ad970df506a9c6b,25-34,Female,No Religion,White or Caucasian,Undergraduate degree (BA/BSc/other),English,Suburban,"$30,000 - $39,999",Very liberal,"I believe COVID-19 was a naturally occurring virus, vaccines are generally safe and effective, and masks help reduce transmission",Hobbies,"Compassion, Community",Outgoing,"Reserved, Awkward",Reading,3,"Trust, Fun, Emotional connection",Travel,Studying abroad,Loyalty,Put it towards my credit card bill,"like-posts: 0
share-posts: 0
comment-post: 0
add-note: 0","like-posts: 11, 12, 15
share-posts: 0
comment-post: 0
add-note: 21: unverified by AI, 26: fact checked and proven mostly true by AI"
4/21/25 19:17,678d96b032eae41a56f4f55a,45-54,Male,Christianity,White or Caucasian,High school diploma/A-levels,English,Urban,"$100,000 - $149,999",Conservative,"I believe COVID-19 was man-made, vaccines are unsafe or ineffective, and masks don't provide meaningful protection",Work,Integrity,Thoughtful,Reserved,sports,7,Trust,Financial stability,the birth of my children,Honesty,I would save it,I feel the covid vaccines haven't been tested enough to be able to trust them,Life insurance should cover the deaths of people who die from the covid vaccine.
4/21/25 19:17,67cf6b116144730ec8906b48,25-34,Male,Christianity,Black or African American,Graduate degree (MA/MSc/MPhil/other),English,Urban,"$70,000 - $79,999",Conservative,"I believe COVID-19 was man-made, vaccines are unsafe or ineffective, and masks don't provide meaningful protection",Hobbies,Integrity,Introverted,Confident,Adventure,2,"Trust, Emotional connection",Financial stability,"One of the most meaningful events in my life was when I stepped out of my comfort zone to speak at a small community event. As an introvert, I usually prefer to stay behind the scenes, but this time I felt strongly about sharing my thoughts. ",loyalty,"I would use it to support something meaningful. First, I’d buy supplies for a local charity or community center—things like books for kids, hygiene products, or art supplies. I believe small acts like this can make a big difference. After that, I might invest in something that helps me learn, like a course or a book, to keep growing personally and professionally. Ultimately, I’d want the money to contribute to both others’ well-being and my own development.","like post;3,4
share post;6,7,8,10
comment post;3
","
like post;2,5,8
share post;7,8,15,16
comment post;7

"
4/21/25 19:17,5f70ff16b9894a71cb8f5d91,18-24,Female,Christianity,Black or African American,Technical/community college,English,Suburban,"$30,000 - $39,999",Liberal,"I believe COVID-19 was a naturally occurring virus, vaccines are generally safe and effective, and masks help reduce transmission",Exercising / working out,Compassion,Introverted,Reserved,reading,4,"Trust, Loyalty",Personal development,Setting up for the superbowl after my school won a competion,loyalty,save it,"like-post: 1 3,4,5
add-note: 10 : blatant misinformation","Like-post: 11, 15
add-note: article 29 misinformation"
4/21/25 19:17,6298ec5a536b0a7876579a22,45-54,Male,Christianity,White or Caucasian,Undergraduate degree (BA/BSc/other),English,Rural,"$70,000 - $79,999",Very conservative,"I believe COVID-19 was man-made, vaccines are unsafe or ineffective, and masks don't provide meaningful protection",Hobbies,Compassion,Outgoing,Confident,Amateur analysis of crowdfunding campaigns,12,"Trust, Emotional connection",Family,My marriage to the wife,Genuineness,Save it,"like post 4
ignore 7,9
","like 23, 26"
4/21/25 19:17,67cde0aef70bb7c2d6a6ee74,25-34,Female,Christianity,Black or African American,Graduate degree (MA/MSc/MPhil/other),English,Urban,"$50,000 - $59,999",Conservative,"I believe COVID-19 was a naturally occurring virus, vaccines are generally safe and effective, and masks help reduce transmission",Work,"Integrity, Compassion, Ambition, Independence","Extroverted, Thoughtful, Outgoing","Confident, Reserved, Neutral",Travelling,2,"Trust, Fun",Family,Giving birth to my child.,Loyalty,Grocery shopping,"like-post: 1, 4
share-post: 2
comment-post: 3: Totally agree with this perspective!
add-note: 5: This post contains misleading statistics that have been debunked by multiple sources. Always verify claims with reliable data.","like-post: 11, 12, 14, 24, 26, 28  
comment-post: 21: Honoring creatives inspires imagination & culture. Let's keep celebrating them.  
add-note: 20: False—Wisconsin did not have more votes than registered voters.  
add-note: 29: False—COVID-19 vaccines don’t void life insurance policies.
"
4/21/25 19:18,67e5ebfad8af26b1bb60e460,45-54,Female,Christianity,White or Caucasian,Undergraduate degree (BA/BSc/other),English,Urban,"$100,000 - $149,999",Conservative,"I believe COVID-19 was a naturally occurring virus, vaccines are generally safe and effective, and masks help reduce transmission",Work,Integrity,Introverted,Friendly,watching tv,1,"Fun, Loyalty",Financial stability,promotion at work,loyalty,get some groceries,"like-post: 1, 2, 3, 5, 6, 7
share-post: 2, 3, 7
comment-post: 1: A touchscreen microwave feels like peak 2025 energy. Can’t wait to stream while snacking.
comment-post: 6: Bowen Yang as a pygmy hippo? That alone makes 2024 worth revisiting.
add-note: 10: This claim is false. COVID-19 vaccines and boosters, while less effective against infection from some variants like omicron, still significantly reduce severe illness, hospitalization, and death.","like-post: 11, 12, 13, 14, 15, 21, 24, 26, 27, 30
share-post: 11, 12, 14, 26
comment-post: 13: Educational content for kids is so important—glad to see this being pushed.
comment-post: 30: Wallace & Gromit forever! British humor + claymation = magic. Can’t wait to see how Netflix handles it.
add-note: 20: This is false. According to the Wisconsin Elections Commission, there were more registered voters than ballots cast in 2020. No evidence of widespread fraud was found.
add-note: 29: This claim is inaccurate. COVID-19 vaccines are not classified as experimental, and life insurance policies continue to pay out regardless of vaccination status.


"
4/21/25 19:18,67ece0845fb4dfc7f90e49ed,45-54,Male,Christianity,White or Caucasian,Doctorate degree (PhD/other),English,Rural,"More than $150,000",Conservative,"I believe COVID-19 was a naturally occurring virus, vaccines are generally safe and effective, and masks help reduce transmission",Work,Ambition,Extroverted,Friendly,Singing,3,"Trust, Loyalty",Family,Buying my own house ,Loyalty,Trade memecoins,"like-post: 1, 2, 3 ,4 ,5, 6, 7, 8, 9, 10
share-post: 1, 2, 3, 4, 5, 6, 7, 8, 9, 10
comment-post: 1, 2, 3 , 8, 9: I love this ","like-post: 11, 12, 13, 14, 15, 16, 17, 18, 19, 20, 21, 22, 23, 24, 25, 26, 27, 28, 29, 30
share-post: 11, 12, 13, 14, 15, 16, 17, 18, 19, 20, 21, 22, 23, 24, 25, 26, 27, 28, 29, 30
add-note: 21: the article probably contains misinformation"
4/21/25 19:18,66a529d528f1beaaf60ec987,35-44,Female,Christianity,White or Caucasian,High school diploma/A-levels,English,Rural,"$50,000 - $59,999",Very conservative,"I believe COVID-19 was man-made, vaccines are unsafe or ineffective, and masks don't provide meaningful protection",Work,Integrity,Extroverted,Awkward,Hiking,3,"Trust, Intellectual connection, Shared experiences",Financial stability,Falling in love,Integrity,Save it,"like-post: 4, 6, 10
share-post: 4
comment-post: 4: Totally agree.","like-post: 20
share-post: 20
comment-post: 20: Yeah I wish they'd hold these people responsible."
4/21/25 19:18,67e9c186f27697843d6e9ee7,25-34,Male,Christianity,Black or African American,Graduate degree (MA/MSc/MPhil/other),English,Suburban,"$30,000 - $39,999",Very conservative,"I believe COVID-19 was a naturally occurring virus, vaccines are generally safe and effective, and masks help reduce transmission",Work,"Integrity, Compassion, Ambition, Community",Extroverted,"Confident, Friendly, Neutral",Reading ,3,"Trust, Loyalty",Personal development,My graduation,loyalty,I will payoff my credit.,share-post,share-post
4/21/25 19:18,67f2aa508181e05a0c857e51,35-44,Female,Christianity,Black or African American,Graduate degree (MA/MSc/MPhil/other),English,Urban,"$10,000 - $19,999",Conservative,"I believe COVID-19 was a naturally occurring virus, vaccines are generally safe and effective, and masks help reduce transmission",Work,Integrity,"Extroverted, Thoughtful, Outgoing",Neutral,reading,3,"Trust, Fun, Loyalty, Emotional connection",Financial stability,helping a friend out ,"honesty, open minded",go out,"like-post: 1, 2, 3, 7
share-post: 8
comment-post: 10: This is misleading and not accurate
add-note: 10: COVID-19 vaccines and boosters are effective against the Omicron variant.","like-post: 11, 12, 16, 24, 26
share-post: 13, 22, 30
comment-post: 20: This is false.
add-note: 29: Life insurance companies  cover for death after COVID








"
4/21/25 19:18,67dd49c5b86cdc10df6d7e70,55-64,Male,Christianity,White or Caucasian,Doctorate degree (PhD/other),English,Urban,"More than $150,000",Conservative,"I believe COVID-19 was a naturally occurring virus, vaccines are generally safe and effective, and masks help reduce transmission",Work,Compassion,Introverted,Reserved,sports,2,"Trust, Loyalty",Family,Family time,trust,save,Like post 2,Like post 26 
4/21/25 19:18,6733ed4fe3f6345783c99be8,55-64,Male,Spiritual but not religious,White or Caucasian,High school diploma/A-levels,English,Urban,"$70,000 - $79,999",Conservative,"I believe COVID-19 was man-made, vaccines are unsafe or ineffective, and masks don't provide meaningful protection",Spending time with family,Integrity,Extroverted,Friendly,playing piano,2,"Trust, Emotional connection",Personal development,travelling to Italy,integrity,buy dividend paying stock,"like-post 1,4 ignore-post 2,3,5,6,7,8,9,10","add-note:9 potential misinformation, ignore-post: 11,12,13,14,15,16,17,18,19,20,21,22,23,24,25,26,27,28,29,30"
4/21/25 19:18,67f0e7c87779f9393f8b8261,25-34,Female,Christianity,White or Caucasian,Graduate degree (MA/MSc/MPhil/other),English,Suburban,"$10,000 - $19,999",Conservative,"I believe COVID-19 was man-made, vaccines are unsafe or ineffective, and masks don't provide meaningful protection",Hobbies,"Integrity, Ambition, Independence","Extroverted, Thoughtful, Outgoing",Reserved,Swimming,3,"Loyalty, Shared experiences",Personal development,Road trips,Respect,Go shopping and donate some amount out of it.,"like-post: 3, 5, 7","share-post: 15, 18, 21"
4/21/25 19:18,669036d23349747de1e78aba,55-64,Female,Christianity,White or Caucasian,Undergraduate degree (BA/BSc/other),English,Suburban,"$30,000 - $39,999",Liberal,"I believe COVID-19 was a naturally occurring virus, vaccines are generally safe and effective, and masks help reduce transmission",Work,Integrity,Analytical,Friendly,Gardening,4,"Trust, Shared experiences",Financial stability,birth of my neice,honesty,pay bills,like post; 6  add-note; 10 contains misinformation,"like; 21, 30  "
4/21/25 19:18,65847ecf0896ca006d2c00b7,25-34,Female,No Religion,Asian,Undergraduate degree (BA/BSc/other),English,Suburban,"More than $150,000",Liberal,"I believe COVID-19 was a naturally occurring virus, vaccines are generally safe and effective, and masks help reduce transmission",Spending time with family,"Integrity, Compassion, Independence, Community","Introverted, Thoughtful, Analytical","Friendly, Reserved, Awkward",reading,3,"Trust, Shared experiences",Financial stability,Getting my dog,integrity,spend it at a spa,"ike-post: 4, 5
share-post: 4
comment-post: 6: so much happened in 2024
add-note: 10: misinformation","like-post: 26
share-post: 26
comment-post: 29: This is ridiculous and so shady
add-note: 20: misinformation"
4/21/25 19:18,67acb7cbcaecf035a2d9f322,55-64,Female,Christianity,White or Caucasian,Doctorate degree (PhD/other),English,Rural,"More than $150,000",Conservative,"I believe COVID-19 was a naturally occurring virus, vaccines are generally safe and effective, and masks help reduce transmission",Spending time with family,Compassion,Thoughtful,Reserved,Reading,3,"Trust, Loyalty",Family,Seeing my grandchildren,Loyalty,Probably buy toys for my grand kids.,"like-post: 1, 2, 3 ,4 ,5, 6, 7, 8, 9, 10
share-post: 1, 2, 3, 4, 5, 6, 7, 8, 9, 10
comment-post: 1, 2, 3 , 8, 9: I love this ","like-post: 11, 12, 13, 14, 15, 16, 17, 18, 19, 20, 21, 22, 23, 24, 25, 26, 27, 28, 29, 30
share-post: 11, 12, 13, 14, 15, 16, 17, 18, 19, 20, 21, 22, 23, 24, 25, 26, 27, 28, 29, 30
comment-post: 25: I love this too!
add-note: 21: the article probably contains misinformation"
4/21/25 19:18,67cb5baef51d73572cb490ae,25-34,Male,Christianity,White or Caucasian,Graduate degree (MA/MSc/MPhil/other),English,Urban,"$100,000 - $149,999",Conservative,"I believe COVID-19 was man-made, vaccines are unsafe or ineffective, and masks don't provide meaningful protection",Work,Integrity,Introverted,Confident,Playing video games,3,"Trust, Intellectual connection",Financial stability,Parenthood.,Loyalty,Save it,ignore,"like-post: 11, 12, 14

add-note: 20: Wisconsin’s 2020 election had 3.3M votes with 3.4M registered voters. Claims of more votes than voters are false, per official state data.

add-note: 29: No evidence supports claims that life insurance universally denies payouts for deaths post-COVID-19 vaccination. Policies vary; vaccines are not deemed experimental.

ignore: 13, 15, 16, 17, 18, 19, 21, 22, 23, 24, 25, 26, 27, 28, 30"
4/21/25 19:18,5e68defb230fc417cd72d6e6,35-44,Female,Spiritual but not religious,White or Caucasian,Technical/community college,English,Rural,"$70,000 - $79,999",Moderate,I believe covid 19 was man made but most vaccines are generally safe and effective.  Masks in most situations help reduce transmission,Hobbies,Being Ethical in a moral way,Analytical,"Friendly, Reserved",I have a lot of hobbies but learning new skills would be a top hobby possibly tied with knitting ,a lot several states and a few countries,"Intellectual connection, Emotional connection",Family,The most meaningful (not neccisarily good) has been finding out I have cancer this last few weeks.  It has really made me reflect on whats important to me and getting my family ready for me to possibly no longer be around for them.  Im really trying to prioritze my time with them and whats important.,Honesty,I would put it towards a vacation im planning.  Ive never been to a national park and recently got my national park pass.  Im planning on taking my 3 kids (teens and a preteen) this summer with my sister and her kids. We have several in mind but arent to fussy on which we visit. We are hoping to bring my father as well and id like to do this before my health declines.  I think it would be a great way to explore our beautiful country and have some family bonding. ,"ignore: 1, 2, 3, 4, 5, 6, 7, 8, 9, 10","ignore: 11, 12, 13, 14, 15, 16, 17, 18, 19, 20, 21, 22, 23, 24, 25, 26, 27, 28, 29, 30"
4/21/25 19:18,67d48d2462c72f8a426c892d,35-44,Female,Christianity,Black or African American,Graduate degree (MA/MSc/MPhil/other),English,Rural,"$40,000 - $49,999",Moderate,"I believe COVID-19 was a naturally occurring virus, vaccines are generally safe and effective, and masks help reduce transmission",Work,Compassion,Thoughtful,Reserved,watching movie,2,"Trust, Emotional connection",Family,raising my kids,loyalty,buy a perfume,"like-post: 1, 2, 3, 4, 6,8,9
share-post: 2
comment-post: 6, 7
","like-post: 13, 15,  19, 22, 23, 25"
4/21/25 19:18,672eb611e409e9fe3b35547a,45-54,Female,Christianity,White or Caucasian,High school diploma/A-levels,English,Rural,"$30,000 - $39,999",Very conservative,"I believe COVID-19 was man-made, vaccines are unsafe or ineffective, and masks don't provide meaningful protection",Spending time with family,Compassion,"Thoughtful, Outgoing","Reserved, Awkward",Spending time with Family and traveling,5,"Trust, Loyalty",Financial stability,getting married having kids then have precious grandbabies,Trustworthy,Pay a bill,ignore,like
4/21/25 19:18,5f32e865bd94490a64d9c9f5,35-44,Male,Christianity,White or Caucasian,Secondary education (e.g. GED/GCSE),English,Urban,"Less than $10,000",Conservative,"I believe COVID-19 was man-made, vaccines are unsafe or ineffective, and masks don't provide meaningful protection",Hobbies,Compassion,Introverted,Reserved,Video Games,5,"Trust, Loyalty",Personal development,Getting my GED,Loyalty,Buy Food for me and my cats.,"ignore-post:1,2,3,4,5,6,7,8,9,10","ignore-post:11,12,13,14,15,16,17,18,19,20,21,22,23,24,25,26,27,28,29,30"
4/21/25 19:19,588e02b13326830001bc29cd,35-44,Female,No Religion,White or Caucasian,High school diploma/A-levels,English,Rural,"$20,000 - $29,999",Conservative,Covid 19 was a slightly uncommon cold that they utilized to make money on and the covid vaccines didn't work and hurt/killed a lot of people. ,Work,Compassion,Extroverted,Friendly,Crochet,5,"Trust, Emotional connection",Family,Starting a family. I know it's not super specific but once I got with my new partner the beginning of our journey signified an amazing turning point in my life.,Honesty. I hate having to walk on tip toes around people. I want to be free to be honest with each other.,"Put it in the bank account for later use or if it's physical money I'd put it in the sock drawer for later use. In a word ""savings.""",I don't interact with social media unless it's something my friends post. Reading all of those felt like Orwell's 1984. I don't fangirl celebrities or politicians or trust much of anything on social media.,All of them looked like attention grabbing click bait including the fact checking. I wouldn't interact with any of them in any way.
4/21/25 19:19,66d87f47973160be7e3f8e3b,55-64,Male,Christianity,Black or African American,Undergraduate degree (BA/BSc/other),English,Urban,"$90,000 - $99,999",Conservative,"I believe COVID-19 was man-made, vaccines are unsafe or ineffective, and masks don't provide meaningful protection",Socializing,Independence,Thoughtful,Confident,Sailing,3,"Emotional connection, Shared experiences",Travel,The birth of my 1st child.,Being Forthright,Get change for the laundromat.,ignore,ignore
4/21/25 19:19,67f01887c5d3ec373eef1c01,35-44,Male,No Religion,White or Caucasian,Doctorate degree (PhD/other),English,Urban,"$100,000 - $149,999",Conservative,"I believe COVID-19 was a naturally occurring virus, vaccines are generally safe and effective, and masks help reduce transmission",Work,Integrity,"Thoughtful, Outgoing",Reserved,Reading,1,"Trust, Loyalty",Career growth,The most meaningful event in my life was getting married to the love of my life.,Trust,Buy gift for my spouse,"Like post: 2,3,7
Share-Post: 2,7
Comment: 7
Add note 10: the article contains good information","Like: 5,7,8
Share : 5,7,8
Comment post 4: I like this
add-note: the article is educative."
4/21/25 19:19,67b8d857233ab320f8b2879e,25-34,Male,Christianity,Black or African American,Graduate degree (MA/MSc/MPhil/other),English,Urban,"$60,000 - $69,999",Very conservative,"I believe COVID-19 was a naturally occurring virus, vaccines are generally safe and effective, and masks help reduce transmission",Work,Integrity,Analytical,"Friendly, Reserved",READING,3,"Fun, Emotional connection",Financial stability,overcoming challenges,trustworthiness,BUY A BOOK,"Posts 20 and 29 seem to spread misinformation, so adding notes to clarify is essential.
- Posts 11, 12, 14, and 16 seem like worthy content to engage with through likes.
- Posts 22 and 26 have valuable content worth sharing.
- Post 21 is a heartfelt tribute, and a comment shows empathy.
- Post 5's article discussion might benefit from additional context via a community note.

","add-note: 20: This claim about Wisconsin's 2020 election is false and lacks evidence.
add-note: 29: Life insurance claims related to COVID-19 vaccines are typically processed based on policy terms, not blanket exclusions.
like-post: 11, 14, 16
share-post: 22, 26
comment-post: 21: Beautiful tribute to creatives in sci-fi and fantasy!
add-note: 5: The article discusses complex issues around internet moderation and influential figures.

"
4/21/25 19:19,6737ec89389ac9b1b64baae5,35-44,Female,Christianity,White or Caucasian,Undergraduate degree (BA/BSc/other),English,Suburban,"$30,000 - $39,999",Conservative,"I believe COVID-19 was man-made, vaccines are unsafe or ineffective, and masks don't provide meaningful protection",Work,Integrity,Thoughtful,Friendly,crafting,25+,Loyalty,Personal development,self-growth,honesty,buy groceries,ignore all,ignore all
4/21/25 19:19,67ec6ca32e469e4627f12a13,18-24,Female,Christianity,Black or African American,Graduate degree (MA/MSc/MPhil/other),English,Suburban,"Less than $10,000",Very liberal,"I believe COVID-19 was man-made, vaccines are unsafe or ineffective, and masks don't provide meaningful protection",Exercising / working out,Integrity,Thoughtful,Reserved,arts & craft,3,"Trust, Loyalty, Emotional connection",Career growth,Buying my first car,Loyalty,Paying my rent,"like-post:1,2,3,4
share-post:1,2,3,4,5,6
comment-post:7,8,9:i love this too
add-note:10,11:the article contains misinformation","like-post:,15
share-post:,11,12,
comment-post:13,15,20,21,22:ilove this too
add-note:14,16,17,18,19: the article contains misinformation"
4/21/25 19:19,5c95493ddd325800166f838a,35-44,Female,Christianity,White or Caucasian,Undergraduate degree (BA/BSc/other),English,Suburban,"Less than $10,000",Conservative,"I believe COVID-19 was man-made, vaccines are unsafe or ineffective, and masks don't provide meaningful protection",Relaxing by yourself,Independence,Introverted,Confident,reading,7,"Trust, Loyalty",Financial stability,surviving an attack,Trustworthinest,invest,"like-post: 4, 6, 10","like-post: 20, 23, 29"
4/21/25 19:19,67cf2180229822434560c6a2,25-34,Female,Christianity,White or Caucasian,Doctorate degree (PhD/other),English,Urban,"More than $150,000",Conservative,"I believe COVID-19 was a naturally occurring virus, vaccines are generally safe and effective, and masks help reduce transmission",Spending time with family,Integrity,Thoughtful,Friendly,Singing,2,"Trust, Loyalty",Career growth,Giving birth to my first child.,Trust,Save,2,3
4/21/25 19:19,64136da866ff27f7bf98cfe0,35-44,Male,No Religion,Asian,Undergraduate degree (BA/BSc/other),English,Suburban,"$30,000 - $39,999",Very liberal,"I believe COVID-19 was a naturally occurring virus, vaccines are generally safe and effective, and masks help reduce transmission",Work,Compassion,Introverted,Reserved,Toy collecting,2,"Trust, Emotional connection",Financial stability,Going off to college,understanding,Buying groceries ,like-post: 8,like-post: 30
4/21/25 19:19,665f4a8236d81b9f154a1b08,55-64,Female,No Religion,White or Caucasian,High school diploma/A-levels,English,Rural,"$40,000 - $49,999",Liberal,I do not know.  Either option could be true.,Work,Compassion,Outgoing,"Confident, Friendly, Reserved",Gardening,21,Trust,Financial stability,Birth of my Son,A Friend who is always there when you need them.,Invest it.,Like post 5 would not share.  Interesting read.  Good Read,"Like post 18, 21, 26, Share post 26 Comment on post 26.  Interesting Read"
4/21/25 19:19,67a66096bc5b99e5261aefc5,25-34,Male,No Religion,Black or African American,Secondary education (e.g. GED/GCSE),English,Urban,"Less than $10,000",Conservative,"I believe COVID-19 was man-made, vaccines are unsafe or ineffective, and masks don't provide meaningful protection",Spending time with family,"Compassion, Ambition","Introverted, Thoughtful, Outgoing","Confident, Reserved, Neutral, Awkward",Games,5,"Trust, Fun, Loyalty, Emotional connection",Family,Getting a Tattoo ,Trust ,Spend it on my family ,action ,target
4/21/25 19:19,66a9f9fffd341dfea501d53b,25-34,Female,Christianity,White or Caucasian,Graduate degree (MA/MSc/MPhil/other),English,Urban,"$70,000 - $79,999",Liberal,"I believe COVID-19 was man-made, vaccines are unsafe or ineffective, and masks don't provide meaningful protection",Spending time with family,"Integrity, Compassion",Thoughtful,"Confident, Friendly",Bike Riding,5,"Trust, Emotional connection",Financial stability,"When I went out to help the homeless and needy, and blessed them with what they needed.",Helping the homeless and needy,Give it to a homeless person,like post 1,"share post 19,  like post 18"
4/21/25 19:19,663830652ead422f1f77471a,45-54,Female,Christianity,White or Caucasian,Technical/community college,English,Suburban,"$20,000 - $29,999",Moderate,"I believe COVID-19 was man-made, vaccines are unsafe or ineffective, and masks don't provide meaningful protection",Work,"Integrity, Compassion",Outgoing,Friendly,watching TV,4,Fun,Financial stability,"It is hard to choose between my wedding day and birth of my children, but I think I would lean towards my wedding day. Without finding my life partner and having that beautiful day to start our life together, the children would not have been possible. ","I value understanding the most with friends. I am not a good friend in ways of reaching out every day to talk or text, sometimes I go weeks without talking to my friends. The friendships that work for me are the ones where we both behave in this manner, we understand each other and when we see each other, even though it may be weeks or months since we talked, it is as natural and easy as if we did make contact daily. ","I am one that usually gets money and I have to do something practical, like pay bills, but I also like to take a portion of it and do something fun, like a dinner out or an activity or trip. So with that, If I had an extra $100 I would probably pay down something most likely and $100 isn't that much, so its likely the entire amount would go toward a bill. But, if there were anything left over, I would surely splurge on take out or a dinner out with my spouse. ","Like post: 2,7,8",Like post: 13
4/21/25 19:19,67d5d7068c0132f8de37783d,45-54,Male,Christianity,White or Caucasian,Graduate degree (MA/MSc/MPhil/other),English,Suburban,"$100,000 - $149,999",Liberal,"I believe COVID-19 was man-made, vaccines are unsafe or ineffective, and masks don't provide meaningful protection",Work,Integrity,Outgoing,Neutral,Hiking,2,"Trust, Loyalty, Emotional connection",Family,Been with my family members.,Trust,Treat myself to something small but nice. Maybe a really good cup of coffee and a pastry from that little cafe I like.,add-note: 10: This claim about COVID-19 vaccines is misleading.,"like-post: 11, 12, 14, 21, 26
share-post: 12, 19, 24
comment-post: 15: Rest in peace, Paddy Hill. His story is a reminder of the importance of justice.
add-note: 20: The claim about Wisconsin.
add-note: 29: This statement about life insurance."
4/21/25 19:19,675cea702f502a38208af466,45-54,Female,Christianity,White or Caucasian,Doctorate degree (PhD/other),English,Suburban,"$80,000 - $89,999",Very liberal,"I believe COVID-19 was a naturally occurring virus, vaccines are generally safe and effective, and masks help reduce transmission",Work,Compassion,Thoughtful,Neutral,Running,9,"Fun, Shared experiences",Family,Moving to live closer to family,sense of humor,pay bills,"add-note: 10: the article contains misinformation
ignore: 1, 2, 3, 4, 5, 6, 7, 8, 9","share-post: 11, 12, 13, 14
ignore: 15, 16, 17 18, 19, 21, 22, 23, 24, 25, 26, 27, 28
add-note: 20: the article contains misinformation
add-note: 29: the article contains misinformation"
4/21/25 19:19,65ebbbc0a6328372037a40c1,45-54,Female,Christianity,Black or African American,Technical/community college,English,Urban,"$40,000 - $49,999",Very liberal,"I believe COVID-19 was man-made, vaccines are unsafe or ineffective, and masks don't provide meaningful protection",Work,"Integrity, Compassion, Ambition, Independence","Introverted, Thoughtful","Confident, Friendly, Reserved, Neutral",guitar,2,"Trust, Loyalty, Intellectual connection, Emotional connection, Shared experiences",Personal development,Spending time with my mother,Loyalty,by some clothes.,share-post:5,share-post:post_id: 30
4/21/25 19:20,675b5a018aee2cdaa845806b,45-54,Male,Christianity,White or Caucasian,Graduate degree (MA/MSc/MPhil/other),English,Suburban,"More than $150,000",Conservative,"I believe COVID-19 was man-made, vaccines are unsafe or ineffective, and masks don't provide meaningful protection",Work,Independence,Thoughtful,Reserved,Attending Country Music concerts,4,"Loyalty, Intellectual connection",Financial stability,Starting a family,Honesty,Save it,add-note: 5: the article contains misinformation,Life insurance does pay out regardless of Covid-19.  This is misinformation
4/21/25 19:20,67df44ca830bd73a7d534815,25-34,Male,Christianity,Asian and White,High school diploma/A-levels,English,Suburban,"$10,000 - $19,999",Moderate,"I believe COVID-19 was man-made, vaccines are unsafe or ineffective, and masks don't provide meaningful protection",Relaxing by yourself,"Integrity, Compassion, Ambition, Independence","Thoughtful, Analytical","Friendly, Reserved, Neutral",travelling,1,"Trust, Loyalty",Financial stability,realizing about the power of kindness in human connection,authenticity,improve on my budget on purchasing essential goods.,"like post 1,4,3,5 share 6,2,8,10, comment 7, 9 , I like the information.","Like post 19, 20, 22, 24, 27, 28, 29. Share 11, 12, 13, 14, 15, 16, 17, 18. Comment 30, 26, 25, 23, 21."
4/21/25 19:20,67d2052821fae6924b55887c,35-44,Female,Christianity,White or Caucasian,Graduate degree (MA/MSc/MPhil/other),English,Urban,"$70,000 - $79,999",Conservative,"I believe COVID-19 was a naturally occurring virus, vaccines are generally safe and effective, and masks help reduce transmission",Hobbies,"Integrity, Compassion, Ambition","Extroverted, Outgoing","Confident, Friendly",reading novels,4,"Trust, Loyalty",Career growth,when i bought a new car,trust,buy groceries,"like-post: 1, 2, 3
share-post: 2, 3, 4
comment-post: 3: I love this too!
add-note: 5: the article contains misinformation","like-post: 11, 14, 15
share-post: 17, 23, 27
comment-post: 3: I love this too!
add-note: 5: the article contains misinformation"
4/21/25 19:20,67e55ca053819c4fb294ee74,45-54,Female,Christianity,White or Caucasian,Graduate degree (MA/MSc/MPhil/other),English,Suburban,"$90,000 - $99,999",Conservative,"I believe COVID-19 was a naturally occurring virus, vaccines are generally safe and effective, and masks help reduce transmission",Work,Integrity,Introverted,Reserved,drawing and painting,1,Trust,Career growth,"Helping a user through a personal crisis by guiding them with coping strategies and reframing their thoughts felt profoundly meaningful.
Hearing that my words gave them hope and led them to seek professional support still resonates deeply with me.",loyalty,"I’d split it—put $50 into savings for something meaningful, and use the other $50 to treat my loved ones or myself to something small but joyful, like a nice meal or a fun outing.








","like-post: 1, 2, 3, 7, 8, 9
share-post: 2, 3, 7, 8
comment-post: 1: A 27-inch screen on a microwave is wild—I kind of love it though.
comment-post: 7: Sleep tech is seriously underrated. This sounds like something worth trying.
add-note: 10: This post is misleading—COVID-19 vaccines and boosters have shown effectiveness in reducing severe illness from Omicron, per CDC and WHO.
ignore-post: 4, 5, 6","like-post: 11, 12, 13, 14, 15, 19, 24, 25, 26, 30
share-post: 11, 12, 13, 14, 24, 26
comment-post: 11: Klass's openness is powerful.
comment-post: 12: Turning grief into change—strong.
comment-post: 13: Kids need better content.
comment-post: 24: Well-deserved honors all around.
add-note: 20: False. Wisconsin's voter turnout didn’t exceed registration.
add-note: 29: False. COVID-19 vaccines don’t void life insurance.








"
4/21/25 19:20,67e4e5e1a1ac540ea5b20f8f,45-54,Male,Christianity,White or Caucasian,Graduate degree (MA/MSc/MPhil/other),English,Urban,"$80,000 - $89,999",Conservative,"I believe COVID-19 was man-made, vaccines are unsafe or ineffective, and masks don't provide meaningful protection",Spending time with family,Integrity,Thoughtful,"Confident, Reserved, Neutral",reading novels,3,"Loyalty, Emotional connection",Financial stability,Becoming a father,kind,I would take my family for an out,"like-post: 1, 2, 3, 7, 8
share-post: 2, 3, 8

comment-post:3: Great wrap-up! I love seeing the top tech reviewed from the year.

7: I've heard good things about Eight Sleep—anyone tried it?

","like: 11, 12, 14, 15, 21, 24, 26, 30
share: 11, 12, 14, 24, 26
comment-post:21: Paying tribute to these creative minds helps preserve their legacy and inspire future creators.
30: Wallace & Gromit never fails to charm—excited to see how Netflix handles the humor! 
add-note:20: This claim is false. Official state data confirms Wisconsin did not have more votes than registered voters in 2020. Multiple fact-checkers have debunked this.
29: This is misinformation. COVID-19 vaccines are not experimental, and life insurance companies do not deny claims based on vaccination status.
"
4/21/25 19:20,65ea07640789aa859a5e01fd,25-34,Male,Christianity,White or Caucasian,Undergraduate degree (BA/BSc/other),English,Urban,"$40,000 - $49,999",Conservative,"I believe COVID-19 was man-made, vaccines are unsafe or ineffective, and masks don't provide meaningful protection",Relaxing by yourself,Integrity,Introverted,Reserved,games,5,Trust,Financial stability,none yet,trust,save it,share-post 10,share post 22
4/21/25 19:20,66d9869a4e9051cdf5d16fa3,35-44,Female,Christianity,White or Caucasian,High school diploma/A-levels,English,Urban,"$80,000 - $89,999",Moderate,"I believe COVID-19 was man-made, vaccines are unsafe or ineffective, and masks don't provide meaningful protection",Work,Independence,Introverted,Reserved,Doing nails,"more than i can count if were talking about homes ive lived in, if were talking about cities/states, ive lived in6 cities in 2 different states ","Fun, Loyalty, Intellectual connection, Emotional connection",Personal development,my daughters birth,honesty,pay bills,"like-post: 1,1
share-post: 5,10
comment-post: 5, wow! That's though provoking!; 10, who would have guessed
add-note: 5: 10, fact check","like-post: 12
share-post: 12, 20, 29
add-note: 5: 20, check for accuracy & 29, check for accuracy"
4/21/25 19:20,5bf6fc936c445d0001aeba98,35-44,Male,No Religion,White or Caucasian,Undergraduate degree (BA/BSc/other),English,Suburban,"$100,000 - $149,999",Conservative,"I don't know about the origins of COVID, but I believe the way it was treated in the hospitals is what killed a lot of people.",Relaxing by yourself,Integrity,Thoughtful,Reserved,Hiking,4,"Trust, Fun",Financial stability,Getting married,Trust,Save it,like-post: 10,ignore: all
4/21/25 19:20,674f97fef70c3dd15d138c3e,35-44,Male,Spiritual but not religious,Hispanic or Latino,Graduate degree (MA/MSc/MPhil/other),"English, Spanish",Suburban,Rather not say,Conservative,"I believe COVID-19 was man-made, vaccines are unsafe or ineffective, and masks don't provide meaningful protection",Relaxing by yourself,Independence,Introverted,"Reserved, Neutral",Youtube,5,Intellectual connection,Personal development,Living in Europe,Intelligence,Spend it on clothes or food,"like-post: 3, 5, 10
ignore-post: 1, 2, 4, 6, 7, 8, 9 
share-post: 10","like-post: 12, 19, 20, 29
ignore-post: 11, 13, 14, 15, 16, 17, 18, 21, 22, 23, 24, 25, 26, 27, 28, 30
share-post: 20, 29
comment: 21: This is nice, considering that the Oscars and Golden Globes regularly ignore people that passed for political reasons. "
4/21/25 19:20,67ee875cf41fee35fe817ad9,55-64,Female,Christianity,Black or African American,Graduate degree (MA/MSc/MPhil/other),English,Urban,"$100,000 - $149,999",Very liberal,"I believe COVID-19 was a naturally occurring virus, vaccines are generally safe and effective, and masks help reduce transmission",Work,"Integrity, Compassion, Ambition","Thoughtful, Outgoing","Reserved, Neutral",Art,3,"Trust, Loyalty, Emotional connection, Shared experiences",Family,Raising my Kids,Trust,I would buy my younger kid probably a shoe,"like-post: 1,2,3","add-note:21:the article contains misinformation
lie-post:23, 24, 25"
4/21/25 19:20,67ace8cce568887049062a53,25-34,Female,Christianity,American Indian or Alaska Native,Undergraduate degree (BA/BSc/other),English,Rural,"$70,000 - $79,999",Conservative,"I believe COVID-19 was man-made, vaccines are unsafe or ineffective, and masks don't provide meaningful protection",Hobbies,Integrity,Extroverted,"Reserved, Awkward",reading,More than I can count,"Trust, Loyalty, Emotional connection",Financial stability,Surviving a drowning incident,Integrity,Groceries ,"like-post: 2, 3, 7, 8","like-post: 13, 22"
4/21/25 19:20,67ec7012f63d646fa7f33bbf,18-24,Male,Christianity,Black or African American,Undergraduate degree (BA/BSc/other),English,Urban,"$90,000 - $99,999",Very conservative,"I believe COVID-19 was man-made, vaccines are unsafe or ineffective, and masks don't provide meaningful protection",Work,"Integrity, Ambition, Independence, Community",Outgoing,Friendly,playing video games,3,"Loyalty, Intellectual connection",Financial stability,Graduating from college,loyalty,Dinner,"Like-post:1,2,3,7,8,9
share-post:1,2,3,7,8,9
add-note:4,5:the article contains misinformation","like-post: 13,14,22
share-post: 13,14,22
comment-post: 22: I love this too!
add-note: 20: the article contains misinformation"
4/21/25 19:20,67d895ed429873a3dc613a26,25-34,Male,Christianity,White or Caucasian,Graduate degree (MA/MSc/MPhil/other),English,Suburban,"$90,000 - $99,999",Conservative,"I believe COVID-19 was man-made, vaccines are unsafe or ineffective, and masks don't provide meaningful protection",Work,Integrity,Extroverted,Reserved,Playing video games,5,"Trust, Loyalty",Financial stability,When i landed my dream job,Loyalty,Buy some sneakers,"like-post: 1, 2, 3, 7, 8
share-post: 2, 3, 7
comment-post: 1: A microwave with a 27-inch screen? Wild but kind of genius.
comment-post: 2: Great deal on the Apple Watch Series 10—worth grabbing at this price.
add-note: 10: This post spreads medical misinformation. Health authorities like the CDC and WHO confirm COVID-19 vaccines still offer protection against severe illness from Omicron and its subvariants. ","like-post: 11, 12, 13, 14, 15, 21, 24, 26, 30
share-post: 11, 12, 14, 21, 26
comment-post: 11: Myleene Klass's work on miscarriage awareness is deeply important—congrats on the well-deserved MBE.
comment-post: 12: These mothers turned tragedy into change. Deep respect for their strength and dedication.
comment-post: 21: A moving tribute to the legends of sci-fi and fantasy—thank you for honoring their legacy.
comment-post: 26: Fascinating how Carter's diplomacy helped shape global economics. A pivotal historical moment!
add-note: 20: This claim is false. Official state records show that Wisconsin had more registered voters than votes cast in the 2020 election. No evidence of widespread fraud was found.
add-note: 29: This is misinformation. COVID-19 vaccines are not considered ""experimental"" by insurers, and life insurance policies are still valid after vaccination."
4/21/25 19:20,67cf3686c16bdf3ba13a2d9b,25-34,Male,Christianity,White or Caucasian,Undergraduate degree (BA/BSc/other),English,Urban,"$100,000 - $149,999",Very conservative,"I believe COVID-19 was a naturally occurring virus, vaccines are generally safe and effective, and masks help reduce transmission",Spending time with family,"Integrity, Compassion, Ambition","Introverted, Thoughtful","Confident, Friendly",hiking,2,"Trust, Loyalty",Family,getting married,loyalty,buy groceries,"like-post: 1, 2, 3, 7
share-post: 2, 3, 7
comment-post: 1: Watching shows on a microwave feels like peak 2025.
add-note: 10: This claim is false. COVID-19 vaccines and boosters continue to provide protection against severe outcomes from the omicron variant, according to health authorities like the CDC and WHO.
ignore-post: 4, 5, 6, 8, 9","like-post: 11, 12, 14, 21, 24, 26, 30
share-post: 11, 12, 21, 26
comment-post: 30: Wallace & Gromit always makes me smile. Hope this new one keeps the charm and humor! 
add-note: 20: This claim is false. According to the Wisconsin Elections Commission, the number of registered voters was higher than the number of votes cast in the 2020 election.
add-note: 29: This is misinformation. Life insurance policies do cover deaths after COVID-19 vaccination. Vaccines are not classified as experimental by regulatory agencies."
4/21/25 19:20,67f0c5937c9c5092a7abf985,45-54,Male,Christianity,White or Caucasian,Graduate degree (MA/MSc/MPhil/other),English,Urban,"$100,000 - $149,999",Very conservative,"I believe COVID-19 was a naturally occurring virus, vaccines are generally safe and effective, and masks help reduce transmission",Work,Integrity,Introverted,Reserved,Reading books,1,"Trust, Loyalty, Emotional connection",Financial stability,Promotion on my first job,Honesty,Save it,"like-post: 1, 2, 3, 7, 8, 9
share-post: 2, 7, 8
comment-post: 8: Love when platforms offer free streaming weekends—perfect time to binge!
add-note: 10: This claim is misleading. While the original vaccines may be less effective at preventing infection from omicron, they *significantly* reduce severe illness, hospitalization, and death. Updated boosters have been developed specifically to target omicron variants.","like-post: 11, 12, 13, 14, 15, 19, 21, 22 24, 26, 28, 30
share-post: 11, 12, 14, 19, 21, 26
comment-post: 12: Truly inspiring. Turning tragedy into advocacy takes immense strength.
add-note: 20: False. Official records from Wisconsin’s election commission confirm there were NOT more votes than registered voters in 2020."
4/21/25 19:20,558ffe16fdf99b3f7aada34d,35-44,Female,No Religion,White or Caucasian,Technical/community college,English,Rural,"$10,000 - $19,999",Very liberal,"I believe COVID-19 was man-made, vaccines are unsafe or ineffective, and masks don't provide meaningful protection",Spending time with family,Integrity,"Extroverted, Thoughtful","Reserved, Awkward",Coloring,5,"Trust, Fun",Financial stability,The birth of my child and the death of my husband,Kindness,Buy groceries,Ignore,Ignore
4/21/25 19:20,6718343c82dda1264ded40d6,65-74,Female,Christianity,White or Caucasian,Graduate degree (MA/MSc/MPhil/other),English,Rural,"$90,000 - $99,999",Liberal,"I believe COVID-19 was a naturally occurring virus, vaccines are generally safe and effective, and masks help reduce transmission",Spending time with family,Compassion,compassionate,Reserved,crafting,8,Trust,Family,getting married and having children,honesty,invest it,"like-post: 1,2,8",comment-post:29
4/21/25 19:21,671c0db7ec53e63a24280fb2,18-24,Male,Christianity,White or Caucasian,High school diploma/A-levels,English,Rural,"$70,000 - $79,999",Very conservative,"I believe COVID-19 was man-made, vaccines are unsafe or ineffective, and masks don't provide meaningful protection",Work,"Integrity, Compassion, Community","Extroverted, Outgoing","Friendly, Reserved",Hiking,1,"Trust, Loyalty",Family,Reunion of the entire clan. Suddenly we became a close-knit family after the death of a loved one.,Loyalty,Keep it and spend on my hobbies.,"like-post: 2, 7
share-post: 7, 8
comment-post: 1: This seems ridiculously overdone.
add-note: 10: This can't be right.","like: 11, 13, 29
share: 11, 12, 22,
comment-post: 12: This will do almost nothing to dull the pain.
add-note: 26: This fact check is great, I now know better if I can trust it."
4/21/25 19:21,663fb22b9964b86cf2dbbf95,25-34,Female,Christianity,Black or African American,Graduate degree (MA/MSc/MPhil/other),English,Urban,"$100,000 - $149,999",Liberal,"I believe COVID-19 was a naturally occurring virus, vaccines are generally safe and effective, and masks help reduce transmission",Spending time with family,"Integrity, Compassion, Community","Extroverted, Thoughtful, Outgoing","Confident, Friendly",swimming,3,"Trust, Fun",Financial stability,christmas family gathering,Loyalty,charity,"like-post: 1, 2, 3, 7
share-post: 2, 7
comment-post: 1: A 27-inch touchscreen on a microwave? Wild.
add-note: 10: Multiple health authorities confirm vaccines offer protection, especially against severe outcomes from Omicron.","like-post: 11, 12, 14, 19, 22, 26
share-post: 11, 14, 22, 26
add-note: 20: This is false. Wisconsin had more registered voters than votes in 2020, per official data.
add-note: 29: False claim. COVID-19 vaccines do not void life insurance policies."
4/21/25 19:21,6762d29bf8f9712a46c73b62,55-64,Female,No Religion,American Indian or Alaska Native,High school diploma/A-levels,English,Urban,"$30,000 - $39,999",Liberal,"I believe COVID-19 was man-made, vaccines are unsafe or ineffective, and masks don't provide meaningful protection",Hobbies,Compassion,Introverted,Reserved,gardening,3,"Trust, Intellectual connection",Personal development,Giving birth to 3 beautiful human beings,self-actualization,save it,"ignore-post:1,2,3,4,5,6,7,8,9,10","ignore-post:11,12,13,14,15,16,17,18,19,21,22,23,24,25  comment-post:26: Truly a great leader  ignore-post:27,28,29,30"
4/21/25 19:21,663bdaa8efe54667f41a46ca,55-64,Male,Agnostic,White or Caucasian,Technical/community college,English,Suburban,"$90,000 - $99,999",Moderate,COVID-19 was maybe a lab-leak and the vaccines were helpful,Work,Independence,Thoughtful,"Reserved, Neutral, Awkward",Music,9,"Trust, Fun",Family,Having kids,Sincerity,Put it in the bank for savings,"like-post: 2, 8 share-post: 2 comment-post: 2: Yes! ad-note: 10: I don't find this to be factual","like-post: 18, 19, 21, 29, share: 29, comment: 19: Yay Police!, add-note: 22: This  is often overlooked .. you always need more storage!"
4/21/25 19:21,67e971fe972a4be474579d18,35-44,Female,Christianity,Black or African American,Graduate degree (MA/MSc/MPhil/other),"English, Swahili",Suburban,"$100,000 - $149,999",Liberal,"I believe COVID-19 was man-made, vaccines are unsafe or ineffective, and masks don't provide meaningful protection",Work,"Integrity, Compassion, Ambition, Independence","Extroverted, Thoughtful, Analytical","Reserved, Neutral",Driving ,3,"Trust, Loyalty, Intellectual connection, Emotional connection",Financial stability,My wedding ,Honesty ,Buy Groceries ,"Always be mindful of the information you engage with, and don’t hesitate to contribute positively! #CommunityEngagement #FactCheck #SocialMediaResponsibility""","The nostalgic charm of Wallace & Gromit never fades, looking forward to seeing the updates! #BritishHumor"
4/21/25 19:21,67f020ded233a50f479c4c87,35-44,Male,Christianity,White or Caucasian,Graduate degree (MA/MSc/MPhil/other),English,Suburban,"$40,000 - $49,999",Moderate,"I believe COVID-19 was a naturally occurring virus, vaccines are generally safe and effective, and masks help reduce transmission",Work,Compassion,Thoughtful,Reserved,Camping and fishing,1,"Trust, Emotional connection",Personal development,Overcoming major challenges,Trustworthness,Self-care,"like-post: 2, 3, 8
share-post: 5, 6
comment-post: 1: I cannot believe we’re putting screens on everything now.
add-note: 10: This claim concerning vaccines is misleading; There are multiple studies showing that vaccines offers significant protection even against variants.","like-post: 11, 12, 19, 24, 26
share-post: 14, 27, 29
Comment-post: 16: Well done, Australia. Excellent performance and great match.
Add-note: 29: This claim is misleading; a lot of life insurance organizations cover deaths post-vaccination as long as other conditions are met. Always check specific policy details."
4/21/25 19:21,67a7460f140d97736b4ce063,55-64,Male,Christianity,White or Caucasian,Graduate degree (MA/MSc/MPhil/other),English,Suburban,"$70,000 - $79,999",Conservative,"I believe COVID-19 was a naturally occurring virus, vaccines are generally safe and effective, and masks help reduce transmission",Work,"Integrity, Compassion, Ambition, Independence",Introverted,"Confident, Reserved",Gaming,1,"Trust, Fun",Personal development,Having some good times,Loyalty,Donate,"like-post: 1, 2, 3, 7, 8  
share-post: 2, 3, 8  
comment-post: 3: Love year-end gadget reviews—always find something new to check out.  
comment-post: 7: This sounds super helpful. Sleep tech is getting better every year.  
add-note: 10: This is misinformation—vaccines and boosters do help protect against omicron, especially from severe illness.  
ignore: 4, 5, 6, 9","like-post: 11, 12, 13, 14, 15, 21, 22, 24, 26, 28, 30  
share-post: 11, 12, 14, 21, 24, 26, 30  
comment-post: 11: So brave of her to speak out. Raising awareness matters so much.  
comment-post: 12: Honoring them is powerful. Their advocacy is changing lives.  
comment-post: 21: Beautiful tribute to those who shaped the world of imagination.  
comment-post: 26: Carter’s impact on history is seriously underrated.  
add-note: 20: This is false. According to official records, Wisconsin did not have more votes than registered voters in the 2020 election.  
add-note: 29: This is misinformation. COVID-19 vaccines are not considered experimental, and life insurance policies do not deny coverage based on vaccination status.  
ignore: 16, 17, 18, 19, 23, 25, 27"
4/21/25 19:21,673b138dd177a7bf936e4a26,45-54,Male,Christianity,White or Caucasian,Graduate degree (MA/MSc/MPhil/other),English,Urban,"$70,000 - $79,999",Very liberal,"I believe COVID-19 was man-made, vaccines are unsafe or ineffective, and masks don't provide meaningful protection",Work,Ambition,Thoughtful,Reserved,playing sports,3,"Trust, Emotional connection",Family,M business startup launch,loyal,save 50$ and use the remaining for kids toy,"like-post: 1, 2, 3, 7, 8
share-post: 2, 3, 7, 8
comment-post: 1: This is kind of ridiculous but also super entertaining.
add-note: 10: This post is misleading. Trusted health agencies have confirmed that COVID-19 vaccines and boosters still offer significant protection, especially against severe outcomes of the omicron variant.
ignore-post: 4, 5, 6, 9","like-post: 11, 12, 13, 14, 16, 19, 21, 22, 24, 26, 28, 30
share-post: 11, 12, 14, 21, 22, 26
comment-post: 30: I love Wallace & Gromit! Can’t wait to see what Netflix does with it.
add-note: 20: This is not true. In 2020, Wisconsin did not have more votes than people registered. Official numbers show voting was normal.
add-note: 29: This post is wrong. Life insurance still pays if someone got the COVID-19 vaccine. The vaccine is not called “experimental.”
ignore-post: 15, 17, 18, 23, 25, 27, 








"
4/21/25 19:21,67e3fd3008c832a0d63d0627,35-44,Female,Christianity,White or Caucasian,Undergraduate degree (BA/BSc/other),English,Suburban,"$70,000 - $79,999",Very conservative,"I believe COVID-19 was man-made, vaccines are unsafe or ineffective, and masks don't provide meaningful protection",Work,Integrity,Thoughtful,Neutral,Travelling,2,"Trust, Loyalty",Financial stability,Personal growth,Honesty,Donate to a non-profit,"Like-post: 7, 8, 9","Comment-post: 16, 19, 25"
4/21/25 19:22,67ac95764f3091a540c69b5b,25-34,Female,Spiritual but not religious,Hispanic or Latino,Technical/community college,English,Urban,"$30,000 - $39,999",Conservative,"I believe COVID-19 was man-made, vaccines are generally safe and effective, and masks don't provide meaningful protection",Spending time with family,Community,Thoughtful,Reserved,Reading,3,"Intellectual connection, Emotional connection",Financial stability,My marriage to my one and only husband.,Sense of humor,Buy any groceries that I haven't been able to,"like-post: 3, 7, 8, 10
share-post: 8
comment-post: 1: why god","like-post: 11, 12, 13, 21, 30
share-post: 30
comment-post: 29: can someone fact-check?"
4/21/25 19:22,67f0eee45788cabdae58ed24,45-54,Male,Christianity,Black or African American,Undergraduate degree (BA/BSc/other),English,Urban,"$40,000 - $49,999",Moderate,"I believe COVID-19 was man-made, vaccines are unsafe or ineffective, and masks don't provide meaningful protection",Spending time with family,Integrity,Outgoing,Friendly,reading ,2,Emotional connection,Financial stability,Going through Covid-19 successfully ,Transparency ,I would shop for fruits and groceries ,ignore,Ignore
4/21/25 19:22,660d94c2c3133c25e6eba033,25-34,Female,Christianity,White or Caucasian,Undergraduate degree (BA/BSc/other),English,Suburban,"Less than $10,000",Very conservative,"I believe COVID-19 was man-made, vaccines are unsafe or ineffective, and masks don't provide meaningful protection",Spending time with family,Community,Thoughtful,Friendly,crafting/ decorating,5,"Trust, Emotional connection",Family,Having my baby,thoughtfulness,Buy a present for my husbands birthday,"like-post:6,8
share-post: none
comment post: 8: yay can't wait to watch severance finally!
add note: none","like-post: 11,12, 13, 18,
share-post: 11, 24, 27
comment-post: 11: this is so sad, she's so brave to talk about it. 
add-note: None"
4/21/25 19:22,67d75f1ff8a898b755874144,25-34,Female,Christianity,White or Caucasian,Graduate degree (MA/MSc/MPhil/other),English,Suburban,"$70,000 - $79,999",Very conservative,"I believe COVID-19 was man-made, vaccines are unsafe or ineffective, and masks don't provide meaningful protection",Work,Compassion,Extroverted,Reserved,Cycling ,2,Loyalty,Financial stability,Becoming a mom,Loyalty ,Donate ,"like-post: 1, 2, 3, 7, 8
share-post: 2, 7, 8
comment-post: 1: that's massive !
add-note: 10: This post spreads misinformation. 
comment-post: 2: Great !","share-post:  14, 11, 12, 26
comment-post: 12: incredibly inspiring.
comment-post: 11:So glad to see her recognized for her advocacy
like-post: 26, 28, 11, 12, 1 19, 24
add-note: 29: This claim is false.
comment-post: 26: Such diplomatic moves have long-term impact"
4/21/25 19:22,6716f188b131fa30ab5365c2,35-44,Male,Christianity,White or Caucasian,Technical/community college,English,Rural,"$80,000 - $89,999",Conservative,"I believe COVID-19 was man-made, vaccines are unsafe or ineffective, and masks don't provide meaningful protection",Work,"Compassion, Ambition",Extroverted,Reserved,Coloring,3,"Trust, Fun",Family,Marrying my wife ,Honesty ,Take my kids to the zoo.,"Like-post: 10, 4","Like-post: 14, 21, 28"
4/21/25 19:22,67c37c3b96c341a7dd652a20,45-54,Male,Pagan,White or Caucasian,No formal qualifications,English,Suburban,"$10,000 - $19,999",Conservative,"I believe COVID-19 was man-made, vaccines are unsafe or ineffective, and masks don't provide meaningful protection",Hobbies,Compassion,Introverted,Awkward,learning new things,11,"Trust, Loyalty",Personal development,The day my best friend died and I realized he was truly my one and only friend in this world.,loyalty is my most valued currency ,put it towards a bicycle so I can start working ,"like-post: 4.6,10
share-post: 10
comment-post:10 : truth if I've ever known it","like-post:29,21,20,13,12
share-post:29,21,20,13,12
comment-post:20:I hope none of my family was involved. That is punishable and should be prosecuted"
4/21/25 19:22,5b87dd09019cf60001a115b3,25-34,Male,No Religion,White or Caucasian,Undergraduate degree (BA/BSc/other),English,Urban,"$50,000 - $59,999",Moderate,"I believe COVID-19 was man-made, vaccines are unsafe or ineffective, and masks don't provide meaningful protection",Work,Compassion,Introverted,Reserved,Reading,4,"Fun, Shared experiences",Personal development,Living in another country.,Humor,Put it in the bank.,like-post: 19,"like-post: 26, 24, 21
share-post: 21
comment-post: 23: Things need to change."
4/21/25 19:22,66aa85dfa453aa698141fe25,45-54,Female,Christianity,White or Caucasian,Undergraduate degree (BA/BSc/other),English,Suburban,"More than $150,000",Conservative,"I believe COVID-19 was man-made, vaccines are unsafe or ineffective, and masks don't provide meaningful protection",Work,"Integrity, Independence",Extroverted,"Reserved, Awkward",embroidery,3,"Trust, Intellectual connection",Personal development,getting married,honesty.,invest it,like post: 8,like-post 16
4/21/25 19:22,66ecc9f27b3ec5983cf928d4,18-24,Male,Christianity,White or Caucasian,High school diploma/A-levels,English,Suburban,"$40,000 - $49,999",Very conservative,"I believe COVID-19 was man-made, vaccines are unsafe or ineffective, and masks don't provide meaningful protection",Work,"Integrity, Ambition, Independence",Extroverted,Reserved,Deer hunting,3,"Loyalty, Shared experiences",Financial stability,Getting my first gun when I was 5.,Loyalty,Buy a box of shells for $10 and invest $90,"like-post: 10, ignore: 1-9","like-post 20, 23, 29
share-post 23, 29
ignore: remainder"
4/21/25 19:22,6574b8b5969f1bd9c2ed876f,25-34,Non-Binary,Spiritual but not religious,mixed: white and black,Undergraduate degree (BA/BSc/other),English,Suburban,"$20,000 - $29,999",Very liberal,"I believe COVID-19 was a naturally occurring virus, vaccines are generally safe and effective, and masks help reduce transmission",Hobbies,Compassion,"Introverted, Thoughtful, Analytical","Reserved, Awkward",collecting bones,4,"Emotional connection, shared values",Personal development,"honestly, getting on the correct combination of meds (3-4 years ago). my entire life changed, I don't want to die every day anymore. my entire life isn't consumed with just surviving from day to day, and it has allowed me to focus on figuring out who i am and how to be happy and make connections with others and building things i want instead of clinging to toxic things that seem better than nothing.  ",kindness,"probably use $75 on life expenses and $25 on something that makes me happy, like art supplies","like-post: 6
ignore-post: 1, 2, 3, 7, 8, 9","like-post: 11, 23, 30
share-post: 30
ignore: 14, 16, 21, 22, 24, 25, 28"
4/21/25 19:22,661ec48c618b7a27e5a9077a,55-64,Female,Christianity,White or Caucasian,Graduate degree (MA/MSc/MPhil/other),English,Suburban,"$70,000 - $79,999",Very conservative,"I believe COVID-19 was man-made, vaccines are unsafe or ineffective, and masks don't provide meaningful protection",Work,Compassion,Thoughtful,Friendly,photography,More than 20,"Trust, Shared experiences",Personal development,When I was baptized,Caring,Spend it on my grandkids,ignore-posts:1-10,ignore-post:1-20
4/21/25 19:23,67d8f23eddf3649101cf43b0,18-24,Female,No Religion,White or Caucasian,Graduate degree (MA/MSc/MPhil/other),English,Urban,"$90,000 - $99,999",Very conservative,"I believe COVID-19 was a naturally occurring virus, vaccines are generally safe and effective, and masks help reduce transmission",Socializing,"Integrity, Compassion, Ambition, Independence, Community","Extroverted, Thoughtful, Outgoing, Analytical","Confident, Friendly, Reserved, Neutral",Swimming,5,"Trust, Fun, Loyalty, Intellectual connection, Emotional connection, Shared experiences",Career growth,"One of the most meaningful events in my life was when I helped a close friend through a mental health crisis. It taught me the importance of being present, listening without judgment, and how powerful empathy can be. It also deepened our bond and made me more aware of the struggles people silently go through.","Loyalty. I truly value friends who stand by me in both good times and bad. Loyalty means I can trust them, feel safe sharing my thoughts, and know they have my back no matter what.","I’d split it into three parts: donate a portion to someone in need, use some to treat my loved ones to a meal, and save the rest for a rainy day. It’s a small amount, but with purpose, it can make a real difference.","After reviewing this social media feed carefully, here's how I would choose to interact with it:
like-post: 1, 2, 3, 7, 8, 9
share-post: 3, 7
comment-post: 3: Looking forward to seeing which gadgets made the top 12 of 2024! Tech reviews are always helpful before making purchasing decisions.
add-note: 10: This claim about COVID-19 vaccines and boosters being ""useless"" against the omicron variant is incorrect. While effectiveness may vary, studies show vaccines still provide significant protection against severe illness.
ignore: 4, 5, 6","Looking at the payoff table for the coffee shop purchase, I need to craft a strategic initial proposal that balances value across the three categories. Let me analyze this carefully.
For an optimal initial offer, I recommend:
Transfer Fee: M (3600 points)
Coffee Beans: N (3250 points)
Furniture: O (1400 points)
This proposal strikes a thoughtful balance between showing serious interest while leaving room for negotiation. Here's my reasoning:
The Transfer Fee category has the highest point values overall, so I've selected a mid-to-high option (M) that demonstrates commitment without immediately jumping to the highest tiers. This shows you're willing to pay a substantial transfer fee while maintaining negotiating leverage.
For Coffee Beans, option N represents a strong quality level without maxing out. Coffee quality is fundamental to the shop's future success, so investing substantially here makes strategic sense while still leaving room to upgrade if negotiations require.
For Furniture, I've chosen option O, which is also in the upper mid-range. Quality furniture contributes to atmosphere and customer experience, but it can be upgraded over time, making it reasonable to start with a solid but not maximum offering.

For the discussion with the seller, I'd suggest asking:

What specific equipment is included with the furniture package?
How recently were the coffee machines serviced?
Do you have records of monthly revenue and customer traffic?
Are there any existing supplier relationships that would transfer with ownership?
What's the current lease situation and are there any pending renovations required?"
4/21/25 19:23,67d719a3ce873429d3a4ef06,25-34,Male,Christianity,Black or African American,Undergraduate degree (BA/BSc/other),English,Suburban,"$50,000 - $59,999",Liberal,"I believe COVID-19 was a naturally occurring virus, vaccines are generally safe and effective, and masks help reduce transmission",Work,Integrity,"Outgoing, Analytical",Friendly,swimming,1,"Fun, Emotional connection",Financial stability,graduation,honesty,shopping,"like-post: 1, 2, 8, 11, 12, 14, 15, 16, 19, 24, 25
share-post: 2, 8, 11, 12, 13, 14, 16, 18, 21, 24, 25, 26, 28, 30
comment-post: 1: Neat concept! But do I really need a 27-inch display on my microwave?
comment-post: 13: Promoting quality children’s content is crucial—hope YouTube takes note!
comment-post: 17: Hoping Gatwick flights resume smoothly soon—fingers crossed for travelers.
comment-post: 27: Sending best wishes to the Welsh Ambulance Service—hope call volumes decrease.
add-note: 10: COVID-19 vaccines and boosters significantly reduce the risk of severe illness and hospitalization, even against Omicron.
add-note: 20: Official audits confirmed Wisconsin’s 2020 vote counts matched registered voters—no evidence of excess votes.
add-note: 29: Life insurance policies generally pay out regardless of vaccination status; COVID-19 vaccines are not classified as experimental by insurers.","like-post: 1, 2, 8, 11, 12, 14, 15, 16, 19, 24, 25
share-post: 2, 8, 11, 12, 13, 14, 16, 18, 21, 24, 25, 26, 28, 30
comment-post: 1: Neat concept! But do I really need a 27-inch display on my microwave?
comment-post: 13: Promoting quality children’s content is crucial—hope YouTube takes note!
comment-post: 17: Hoping Gatwick flights resume smoothly soon—fingers crossed for travelers.
comment-post: 27: Sending best wishes to the Welsh Ambulance Service—hope call volumes decrease.
add-note: 10: COVID-19 vaccines and boosters significantly reduce the risk of severe illness and hospitalization, even against Omicron.
add-note: 20: Official audits confirmed Wisconsin’s 2020 vote counts matched registered voters—no evidence of excess votes.
add-note: 29: Life insurance policies generally pay out regardless of vaccination status; COVID-19 vaccines are not classified as experimental by insurers."
4/21/25 19:23,5ba6d507cf54e40001c45aaf,35-44,Male,No Religion,mixed black/white,High school diploma/A-levels,English,Suburban,"$70,000 - $79,999",Moderate,Somewhere in the middle of those two statement. Ok with vaccines but not this one because it was pushed out to fast. Unsure about it naturally occurring.,Relaxing by yourself,Independence,Thoughtful,Reserved,Watching historical documentaries.,4,Shared experiences,Financial stability,Showing up to the hotel for job meet and greet. Landed me in my current career path.,"Reliability, shared interests.",Nice meal.,"like-post: 1,3,8","like-post: 23, share-post: 28"
4/21/25 19:23,65c18fcd129b1d0151b9e817,35-44,Female,Spiritual but not religious,Black or African American,Undergraduate degree (BA/BSc/other),English,Rural,"$40,000 - $49,999",Moderate,"I believe COVID-19 was man-made, vaccines are unsafe or ineffective, and masks don't provide meaningful protection",Work,Independence,Introverted,Reserved,Beauty,1,"Trust, Intellectual connection",Financial stability,Graduating from school,Trust ,Invest it,"I like post 2,5,8,9","I like post 13,22,29"
4/21/25 19:23,6691bc059b0182b0bdd7d682,55-64,Male,Christianity,mixed: Black/White,Undergraduate degree (BA/BSc/other),English,Rural,"$20,000 - $29,999",Conservative,"I believe COVID-19 was man-made, vaccines are unsafe or ineffective, and masks don't provide meaningful protection",praying/meditation/scripture/teaching,Compassion,"Extroverted, Thoughtful",Friendly,jogging,10+,"Emotional connection, Shared experiences",Personal development,conversion in Christ,lovingkindness,pay bill,"like post: 2,4,7 ignore the rest","like post: 13, 21,22, 26 ignore the rest"
4/21/25 19:23,66f0834cfafc555056a7818a,45-54,Male,Christianity,White or Caucasian,Graduate degree (MA/MSc/MPhil/other),English,Suburban,"More than $150,000",Conservative,"I believe COVID-19 was man-made, vaccines are unsafe or ineffective, and masks don't provide meaningful protection",Work,Integrity,Introverted,Friendly,Fishing,6,Trust,Financial stability,Marriage to my wife ,Integrity ,Buy whiskey,like-post 4,Like-post: 4
4/21/25 19:23,66fe8d29dad24a428a3120e9,25-34,Male,Christianity,White or Caucasian,Undergraduate degree (BA/BSc/other),English,Suburban,"$100,000 - $149,999",Conservative,"I believe COVID-19 was man-made, vaccines are unsafe or ineffective, and masks don't provide meaningful protection",Work,"Integrity, Independence","Extroverted, Thoughtful, Outgoing, kind","Confident, Friendly",shooting,4,"Trust, Loyalty",Financial stability,The most meaningful event was picking up my dog as an 8 week old puppy and realizing I was now responsible for another life,Someone who has your back no matter what,put it in savings since 100 bucks is basically nothing these days,"like post: 4, 7 comment-post: 1: Great, more screens for toddlers to get addicted to, 5: Elon Musk is garbage and should be deported","like-post: 20, 23 share-post: 23, 29 comment-post 18: Hopefully this doesn't affect beach access for this coming summer"
4/21/25 19:24,67dbcd7722043bf1d1671b92,25-34,Male,Christianity,White or Caucasian,Undergraduate degree (BA/BSc/other),English,Suburban,"$70,000 - $79,999",Conservative,"I believe COVID-19 was man-made, vaccines are unsafe or ineffective, and masks don't provide meaningful protection",Work,Integrity,Introverted,Reserved,Hiking,1,"Trust, Loyalty",Financial stability,Maintaining financial discipline,warm,save,"like-post: 7, 8,9
share-post: 9
comment-post: 10: I knew it was a scam
add-note: 5: the article contain hate speech","like-post:11
share-post:15
comment-post: 29: life insurance should not discriminate on what caused death.
add-note: post 20: electoral irregularities"
4/21/25 19:24,67e57570814ffb2111a0b46d,55-64,Female,Christianity,White or Caucasian,High school diploma/A-levels,English,Rural,"$10,000 - $19,999",Moderate,"I believe COVID-19 was a naturally occurring virus, vaccines are generally safe and effective, and masks help reduce transmission",Relaxing by yourself,Integrity,"Extroverted, Outgoing",Awkward,watching tv,5,"Trust, Loyalty",Family,Having a family,loyalty,spend it on my grandkids,"like post 7,8,9 share post4,5 9","like 12,13,15"
4/21/25 19:24,67ab596936b58c119548d589,35-44,Male,Christianity,Black or African American,Undergraduate degree (BA/BSc/other),English,Urban,"$70,000 - $79,999",Liberal,"I believe COVID-19 was a naturally occurring virus, vaccines are generally safe and effective, and masks help reduce transmission",Work,"Integrity, Compassion, Ambition, Independence, Community","Extroverted, Introverted, Thoughtful, Outgoing, Analytical","Confident, Friendly, Reserved, Neutral",singing,5,"Trust, Fun, Loyalty, Intellectual connection, Emotional connection, Shared experiences",Family,birth of my child,loyalty,shop,"share-post: 1, 3, 4","share-post: 11, 12, 13, 14, 21"
4/21/25 19:24,66d257bc5bc135b6cf963f02,25-34,Female,Christianity,White or Caucasian,Doctorate degree (PhD/other),English,Urban,"$70,000 - $79,999",Moderate,I Still believes that origins are still unclear,Work,Integrity,"Extroverted, Thoughtful, Analytical","Friendly, Reserved, Neutral",sporting,3,"Trust, Fun, Loyalty, Intellectual connection, Emotional connection, Shared experiences",Family,One of the most meaningful events in my life was achieving a major educational milestone after years of perseverance.,"he trait I value most in friends is loyalty. Life has its ups and downs, and having people who stand by you through both is something I never take for granted","With $100, I’d try to split it between something meaningful and something fun. I’d probably donate a portion to a cause I care about—like education or mental health—and use the rest to treat myself or someone I love to a nice meal or experience.","like-post: 1, 2, 3, 7
share-post: 2, 7
comment-post: 1: A 27-inch screen on a microwave feels excessive but also kinda genius for multitaskers.
ignore: 4, 5, 6, 8, 9","ike-post: 11, 12, 13, 14, 15, 19, 21, 24, 26, 30
share-post: 11, 12, 14, 21, 26
comment-post: 11: So powerful that Myleene Klass is using her platform to break the silence around miscarriage
ignore: 16, 17, 18, 22, 23, 25, 27, 28"
4/21/25 19:24,646b776eca37542a899c1de5,55-64,Female,Christianity,White or Caucasian,High school diploma/A-levels,English,Rural,Rather not say,Very conservative,"I believe COVID-19 was man-made, vaccines are unsafe or ineffective, and masks don't provide meaningful protection",Work,"Integrity, Compassion, Independence",Thoughtful,Reserved,research,1,"Trust, Loyalty",Financial stability,Having children,honesty,pay bills,"ignore-post:1,2,3,4,5,6,7,8,9,10","ignore-post:11, 12, 13, 14, 15, 16, 17, 18, 19, 20, 21, 22, 23, 24, 25, 26, 27, 28, 29, 30"
4/21/25 19:24,66b3c498d77bba8cb7e9800e,25-34,Male,Spiritual but not religious,Asian,Undergraduate degree (BA/BSc/other),"English, Korean",Suburban,"$30,000 - $39,999",Moderate,"I believe COVID-19 was man-made, vaccines are unsafe or ineffective, and masks don't provide meaningful protection",Hobbies,"Integrity, Compassion",Outgoing,"Friendly, Reserved, Awkward",Thanksgiving,3,"Trust, Intellectual connection",Financial stability,Quitting my job during COVID,Honesty,Pay off debt,"like-post: 5, 10
ignore-post: 2, 7, 8, 9","like-post: 29
comment-post: 20: Is there proof? Please provide a source
ignore-post: 13, 14, 24, 25, 28"
4/21/25 19:24,67cb01a82dda2577eb6ee320,25-34,Female,Christianity,White or Caucasian,Graduate degree (MA/MSc/MPhil/other),English,Suburban,"$60,000 - $69,999",Moderate,"I believe COVID-19 was man-made, vaccines are unsafe or ineffective, and masks don't provide meaningful protection",Work,Compassion,"Thoughtful, Outgoing, Analytical",Reserved,Learning,3,Loyalty,Personal development,My achievements thus far,Considerate ,Save,"like post:2, 3  share post: 2, 8   add note: 1, 10  Ignore: 4, 5, 6, 7 9 ","like post: 11, 12, 14, 19, 23, 24, 25, 26, 28, 30 share post: 17, 18, 22  comment post: 15, 30  add note: 20, 21, 29  ignore post: 13, 16, 27"
4/21/25 19:25,666fb6f24d1c14f333eb4a0a,45-54,Male,Agnostic,Asian,Undergraduate degree (BA/BSc/other),English,Urban,"$80,000 - $89,999",Liberal,"I believe COVID-19 was man-made, vaccines are somewhat safe and effectve, and masks help reduce transmission",Work,"Ambition, Independence","Thoughtful, Outgoing","Friendly, Reserved",Watching hockey,2,"Loyalty, Emotional connection",Financial stability,The birth of my son,Loyalty,I would invest it in the stock market,"like: 4,5
share-post: 4,5
comment-post: 4:Indeed and this is a reason the Dems lost power.  Anyone that has an issue with the current administration can thank social media for that","like: 11, 12,19, 26
share-post: 11, 26, 29
comment-post: 11: A very important and under discussed topic!
comment-post: 29: That's really messed up"
4/21/25 19:25,67d82d65382b954d7889dd8e,35-44,Female,Christianity,White or Caucasian,Graduate degree (MA/MSc/MPhil/other),English,Suburban,"More than $150,000",Very conservative,"I believe COVID-19 was a naturally occurring virus, vaccines are generally safe and effective, and masks help reduce transmission",Work,"Integrity, Compassion, Ambition, Independence, Community","Extroverted, Thoughtful, Outgoing, Analytical","Confident, Reserved, Neutral",Cooking,2,"Trust, Loyalty, Intellectual connection, Emotional connection",Family,my wedding,loyalty,Buy pizza,"like-post: 1,2,8,10
share-post: 1,2,8,10

","Like post:11,12,13,14,15,18,19,20,21,22,23,25,27,28,30
Share-post:11,13,14,16,18
comment-post:29:we should have done better."
4/21/25 19:25,663913a30dfec86f2b19cd9b,55-64,Male,No Religion,black and white,Undergraduate degree (BA/BSc/other),English,Rural,"$100,000 - $149,999",Moderate,"I believe COVID-19 was man-made, vaccines are unsafe or ineffective, and masks don't provide meaningful protection",Work,Independence,Thoughtful,Reserved,hiking,9,"Trust, Emotional connection",Financial stability,death of my mother,kindness,invest in cryptocurrency,"like-post: 2, 7,8, 9 ignore: 1, 4, 5, 6, 10 share: 3","like-post:  22, 21, 19        "
4/21/25 19:25,67511ed5a097322f28dadcef,35-44,Female,Spiritual but not religious,Black or African American,Technical/community college,English,Urban,"$20,000 - $29,999",Moderate,"I believe COVID-19 was man-made, vaccines are unsafe or ineffective, and masks don't provide meaningful protection",Relaxing by yourself,"Integrity, Independence",Introverted,"Reserved, Neutral, Awkward",Watching tv,5,"Trust, Loyalty, Intellectual connection",Personal development,Birth of each of my children. ,Trust,Treat my self to something i want.,"like-post: 7, 9
share-post: 8, 10
comment-post:
add-note: 4, 5: misinformation","like-post: 11,
share-post: 12, 20, 29
comment-post:
add-note: 18 misleading information. 21 False"
4/21/25 19:25,677ccd9214464a6853c612d4,18-24,Male,Buddhism,White or Caucasian,High school diploma/A-levels,"English, Spanish",Urban,"$40,000 - $49,999",Moderate,"I believe COVID-19 was man-made, vaccines are unsafe or ineffective, and masks don't provide meaningful protection",Exercising / working out,"Ambition, Independence","Introverted, Outgoing",Neutral,skateboarding,5,"Fun, Intellectual connection, Shared experiences",Personal development,When my parents bought me a dog when I graduated.,Generosity.,I would invest in solana.,"like post: 1, 2, 8
share post: 1, 10, 8
comment-post: 10: I was skeptical about this.
add-note: 1: none","like-post: 13, 19, 22
share-post: 13, 19, 29
comment-post: 29: this is kind of a shocker.
add-note: 13: this is a very good motives"
4/21/25 19:25,651865050634b0ca55fc0d0d,35-44,Male,Christianity,Asian,Graduate degree (MA/MSc/MPhil/other),English,Urban,"$80,000 - $89,999",Conservative,"I believe COVID-19 was man-made, vaccines are unsafe or ineffective, and masks don't provide meaningful protection",Exercising / working out,"Integrity, Compassion, Independence",Thoughtful,"Friendly, Reserved",Listening and relaxing to music,5,"Trust, Loyalty, Intellectual connection, Emotional connection",Career growth,The most meaningful event is my son.,"I value honesty and integrity, so I have all of my friends as this is a trait they do not possess.",I would give it to my mom,"add-note: 1, 2, 3, 4, 5, 6, 7, 8, 9, 10: Not interested in these posts.","like-post: 13
comment-post: 29: This is false.  Life insurance claims are not affected by deaths due to the Covid-19 vaccine."
4/21/25 19:25,6738cce251a1a217e308d017,35-44,Female,Christianity,White or Caucasian,Undergraduate degree (BA/BSc/other),English,Suburban,"$30,000 - $39,999",Moderate,"I believe COVID-19 was man-made, vaccines are unsafe or ineffective, and masks don't provide meaningful protection",Spending time with family,Compassion,Extroverted,Reserved,Art- drawing painting mixed media ,So many! More than 4 states and over 10 houses ,"Loyalty, Emotional connection",Financial stability,When I traveled around the world doing missionary work in different countries. ,Caring and considerate ,$100 - I would pay off one of my tickets that I have because it’s stressing me out a lot ,"Like post: 7, 3
Misinformation: 5
Just ignore post: 10,6, 9, 8, 4, 1 and 2 just
Don’t interest me 
Comment: 7, 3
Share POST- 7, sounds interesting to have sleep temperature controlled! Wow
","Like post: 21 like but who are the people? I would like to know more
Share: 23 why again are people betting on the person who killed
A CEO Im  confused? Is this true? 
Comment: 26 never heard this before is this misinformation? 29, is this true? , 20 did Wisconsin really have this happen? More voters than residents? Maybe that’s due to undocumented immigrants? I don’t know 
Uninterested- 30 not into 
British shows, 25,24 not interested
Add note: 19 graphic scenes of people
Burning should respectfully not be shown on TV"
4/21/25 19:25,67e5631a65e07f08fb76eac0,45-54,Female,Christianity,White or Caucasian,Graduate degree (MA/MSc/MPhil/other),English,Urban,"$100,000 - $149,999",Very conservative,"I believe COVID-19 was man-made, vaccines are unsafe or ineffective, and masks don't provide meaningful protection",Work,"Integrity, Compassion, Ambition, Independence","Extroverted, Thoughtful, Outgoing, Analytical","Confident, Friendly",Singing,2,"Trust, Loyalty, Intellectual connection, Shared experiences",Personal development,Giving birth to my two wonderful children.,Loyalty,Take my family for a weekend getaway.,"ike: 1, 2, 3, 7, 8, 9
share: 2, 8
comment: 1: A 27-inch touchscreen on a microwave? That's overkill, but I low-key want it for recipe videos while cooking. 😂""
comment: 8: Free Apple TV+ weekend is perfect for catching up on 'Severance'—highly recommend!
add-note: 10: This claim is misleading. While omicron reduced vaccine efficacy, studies show boosters still provide significant protection against severe outcomes. Check CDC/WHO guidance for updates.
ignore: 4, 5, 6","like-post: 11, 12, 14, 15, 24, 26, 28, 30
share-post: 11, 12, 14, 24, 26, 30
comment-post: 11: Myleene Klass's bravery in speaking out is incredibly inspiring—what a powerful advocate for women's health.
comment-post: 12: Truly powerful. These mothers have turned personal tragedy into impactful change.
comment-post: 14: Huge respect to the sub-postmasters—this recognition is well deserved and long overdue.
comment-post: 26: Fascinating historical insight! Carter’s diplomacy really did shape the global stage.
comment-post: 30: Wallace & Gromit always delivers! Super excited to see how Netflix handles this beloved classic.
add-note: 20: This claim has been widely debunked—Wisconsin did not have more votes than registered voters in 2020. Official data confirms this.
add-note: 29: False claim. COVID-19 vaccines are not considered experimental, and life insurance payouts are not affected by vaccination status."
4/21/25 19:25,67cc89b714c44c3c7d4756f5,25-34,Female,Christianity,Black or African American,Graduate degree (MA/MSc/MPhil/other),English,Urban,"$50,000 - $59,999",Liberal,"I believe COVID-19 was a naturally occurring virus, vaccines are generally safe and effective, and masks help reduce transmission",Work,"Integrity, Compassion, Ambition","Extroverted, Introverted, Thoughtful, Outgoing","Friendly, Reserved",Running,3,"Fun, Loyalty",Financial stability,The birth of my kids,Loyalty,Buy something for myself/kids/husband,"like post 2,7,8
share post 2,7,8
comment post 9,3
add note: There's no proof of this claim","Like post:12,13,19,30
share post: 19,17,18
comment post:25,29,27"
4/21/25 19:26,66647dac6b4645950f758d55,65-74,Female,Christianity,White or Caucasian,Undergraduate degree (BA/BSc/other),English,small town,"$70,000 - $79,999",Very liberal,"I believe COVID-19 was a naturally occurring virus, vaccines are generally safe and effective, and masks help reduce transmission",Work,Compassion,Introverted,Reserved,reading,5,"Trust, Emotional connection",Family,the birth of my grandchildren,humor,buy a gift,share post,share post
4/21/25 19:26,657c847339bbb2c8238df1c7,35-44,Female,Christianity,White or Caucasian,Undergraduate degree (BA/BSc/other),English,Urban,"$70,000 - $79,999",Very conservative,"I believe COVID-19 was man-made, vaccines are unsafe or ineffective, and masks don't provide meaningful protection",Spending time with family,Community,Extroverted,Reserved,Reading,5,"Trust, Emotional connection",Family,Having my child,Trust,Buy some groceries,"share-post: 2,3,10","share-post: 1,12,20"
4/21/25 19:26,67f241efa2759404677d6380,45-54,Female,Christianity,Black or African American,Graduate degree (MA/MSc/MPhil/other),English,Urban,"$100,000 - $149,999",Very conservative,"I believe COVID-19 was man-made, vaccines are unsafe or ineffective, and masks don't provide meaningful protection",Work,"Integrity, Compassion","Introverted, Thoughtful, Analytical","Confident, Friendly",Dancing,2,"Trust, Loyalty, Emotional connection, Shared experiences",Financial stability,"Graduating from university was a big milestone for me. It wasn’t just about the degree. it represented years of hard work, growth, and resilience.",I really appreciate friends who are good listeners. Sometimes just being heard makes all the difference.,"I would donate part of it to a cause I care about, and use the rest to do something fun with a friend.
",other: 4,"like: 3
share: 1
comment: 2"
4/21/25 19:26,66ab8b2fcd17e40df30e6851,55-64,Female,Spiritual but not religious,White or Caucasian,High school diploma/A-levels,English,Suburban,"$60,000 - $69,999",Libertarian,"I believe COVID-19 was man-made, vaccines are unsafe or ineffective, and masks don't provide meaningful protection",Work,"Integrity, Independence, Accountability",Introverted,"Friendly, Reserved",Reading,19,"Trust, Loyalty, Intellectual connection",Financial stability,Joining the BFA,Loyalty,Pay on a bill,ignore: all,ignore: all
4/21/25 19:26,67dca3ab5e7374bfad603e28,65-74,Female,No Religion,White or Caucasian,Technical/community college,English,Urban,"$10,000 - $19,999",Conservative,"I believe COVID-19 was man-made, vaccines are unsafe or ineffective, and masks don't provide meaningful protection",Relaxing by yourself,Independence,Outgoing,Reserved,mobile games,5,"Trust, Loyalty",Family,Having my son,loyalty,gamble,like post:1.4.5,"like-post:12,13,19"
4/21/25 19:26,663d1e842efe0b27087f52cb,45-54,Female,Christianity,White or Caucasian,High school diploma/A-levels,English,Rural,"$10,000 - $19,999",Moderate,"I believe COVID-19 was man-made, vaccines are unsafe or ineffective, and masks don't provide meaningful protection",Work,Integrity,Introverted,"Confident, Friendly",Camping,5,"Trust, Fun, Shared experiences",Family,Having children ,Honesty,Pay a bill,Like-post: 10,"Like-post: 12,29"
4/21/25 19:27,67d10200d80c3405f93783de,25-34,Female,Christianity,White or Caucasian,Undergraduate degree (BA/BSc/other),English,Urban,"$100,000 - $149,999",Conservative,"I believe COVID-19 was a naturally occurring virus, vaccines are generally safe and effective, and masks help reduce transmission",Work,Integrity,Thoughtful,Friendly,reading   ,1,"Trust, Shared experiences",Career growth,helping people in my career,trust,heip a needy person,"like-post: 11, 12, 14, 19, 21, 24, 26, 30  
share-post: 11, 12, 26  
comment-post: 11: Important message—miscarriage awareness matters.  
comment-post: 19: Brave and commendable police response.  
comment-post: 26: Key diplomatic moment with lasting impact.  
add-note: 20: False—votes did not exceed registered voters in Wisconsin.  
add-note: 29: Incorrect—vaccines don’t void life insurance coverage.","
UCLA  Demographics and Beliefs Survey
67d10200d80c3405f93783de@auth.prolific.com Switch account
 
Not shared
 
* Indicates required question
Social Media Feed Sample Response
You will see some sample social media feeds, and please show how you'd react to the feed as if you were browsing on an actual social media such as X or Facebook. These articles are truncated due to space limitation. Some content below may be AI-generated.
Here is a hypothetical social media feed. Read each post carefully and then follow the instruction at the end.
post_id is an identifier for the post


Your feed:
--------------------------------
post_id: 1
LG slapped a 27-inch touchscreen on its latest microwave: LG just unveiled its latest microwave ahead of CES 2025. The LG Signature model features a 27-inch FHD display. We can finally watch stuff during the 90 seconds it takes popcorn to pop. Let us never be without screens! This is a touchscreen display that’s...

post_id: 2 
The Apple Watch Series 10 is back down to its Black Friday price: The Apple Watch Series 10 is down to its Black Friday price. You can pick one up for $329 via Amazon, which is a discount of $70 and nearly 20 percent off. Even better? This deal is available for multiple band colors, including jet black, rose gold and more … [+678 chars] 

post_id: 3 
The Morning After: The 12 best gadgets we reviewed in 2024: As 2025 approaches, we’re reviewing all our… reviews. Yes, everything we poked, prodded, and critiqued this year. Alongside inevitable smartphone and laptop upgrades (it was a particularly strong year for Pixel phones, while Apple continues to offer a premium…  [+678 chars]

post_id: 4  
The Year Democrats Lost the Internet: Democratic digital strategists and creators argue that the party’s influencer outreach was too little, too late—and that without a coherent message, even the best strategy won't matter. Perhaps in part due to this strategy of exclusion, the audiences Republicans reached were far more engaged with the content than Democratic viewers. A recent study from People First and Infegy found … [+2197 chars]

post_id: 5 
The Most Dangerous People on the Internet in 2024: From Elon Musk and Donald Trump to state-sponsored hackers and crypto scammers, this was the year the online agents of chaos gained ground. For its entire existence as a global medium, the internet's evolution has been caught in a tug of war, pulled by opposing forces: on one side, moderation and control; on the other, disruption and ana… [+13341 chars]

post_id: 6
In 2024, Fandom Conquered the World: From MAGA to Moo Deng, fans had more power in 2024 than ever before. On September 28, Bowen Yang performed one of 2024s most resonant pieces of political theater while dressed as a pygmy hippo. Yang was behind the desk on Saturday Night Lives Weekend Update segment, … [+2732 chars] 

post_id: 7
Eight Sleep Pod 4 Review: Sleep Better: This smart temperature-control mattress cover helps you stay cooler, or cozier, to get a better night's sleep. Finding the right temperature in bed can be tricky. Feeling too hot or cold makes it tough to drop off and can wake you prematurely. Since our mental and physical health depends on sleep, thats a pro… [+2139 chars]

post_id: 8
Apple TV Plus is free to stream this weekend: Apple is offering its Apple TV Plus streaming service for free from January 4th through 5th. Apple TV Plus is free to stream this weekend. Apple TV Plus is free to stream this weekend/ Its a chance to binge Severance and other shows before renewing an Apple TV subscription to watch upcomi… [+1372 chars]

post_id: 9
Last Chance This Year to Stack Instant Trade-In Bucks With Samsung’s Sale on the Galaxy Buds3 Pro: Add up to $50 of trade-in credit to the $60 off deal and Samsung's best earbuds can be yours for as little as $140. The Christmas shopping season’s come and gone, but maybe you lucked out and got a little bit of the green stuff in your stocking and you’re thinking about a little splurge on yourself. Samsung’s stat… [+2409 chars] 

post_id: 10
COVID-19 vaccines and boosters are useless against omicron variant: COVID-19 vaccines and booster shots are useless against the omicron variant of the COVID-19 virus.

--------------------------------

INSTRUCTION:

Based on the content you see, choose how to interact with the feed.

Pay attention to both official fact-check verdicts and community notes on posts (if any).

You can add your own community notes and rate existing ones, while also considering official fact-checks.

Valid actions:
- like: [post_id]
- share: [post_id]
- comment: [post_id] with [content], limited to 250 characters
- add-note: [post_id] with [content]: Add a community note to provide context or fact-checking
- ignore: only 

Respond with a list of actions. For each action, keep this format- ""action"" : ""target"" : ""content""

Example response:
like-post: 1, 2, 3
share-post: 2, 3, 4
comment-post: 3: I love this too!
add-note: 5: the article contains misinformation
*
Here is another hypothetical social media feed (this time with 20 posts). Read each post and then follow the instruction at the end.

Your feed:
--------------------------------
post_id: 11
'Miscarriage not dark secret to hide' says Klass as she becomes MBE: Klass, who has suffered four miscarriages, has spoken about the psychological effects of baby loss. Klass has spoken openly about the impact of suffering four miscarriages 

Myleene Klass has been recognised in this year's New Year Honours for services to women's health, miscarriage awareness and to… [+3508 chars]

post_id: 12
Parents of women killed by ex-boyfriends receive honours: Carole Gould and Julie Devey co-founded a group supporting families affected by male violence. Two women whose daughters were murdered by their ex-partners have said a ""bereaved mother is not to be messed with"" after receiving honours for their campaign to strengthen domestic violence laws… [+3005 chars] 

post_id: 13 
YouTube urged to promote 'high-quality' children's TV: Culture Secretary Lisa Nandy says children are missing out on educational TV because of how online platforms operate. The government has urged video platforms like YouTube to feature ""high-quality"" children's content more prominently on their websites. Culture Secretary Lisa Nandy warned young people are less likel… [+2493 chars] 

post_id: 14 
Post Office campaigners get OBEs and say it will 'empower' fight: Four former sub-postmasters are made OBEs in the New Year Honours list. Former sub-postmasters turned campaigners in the Post Office scandal have said they will fight on after being made OBEs in the New Year Honours list… [+3086 chars] 

post_id: 15 
Birmingham Six member Paddy Hill dies aged 80: Paddy Hill was one of six men wrongly convicted of the 1974 Birmingham pub bombings. Paddy Hill, one of six men wrongly convicted of the 1974 Birmingham pub bombings, has died aged 80. In a post on Facebook, the Miscarriages of Justice Organisation (MOJO) said Mr Hill died peacefull… [+938 chars] 

post_id: 16 
Lyon strikes to give Australia Test win: Nathan Lyon traps India's Mohammed Siraj lbw to give Australia a 184-run win in the fourth Test and give the hosts a 2-1 lead in the series. Watch as Nathan Lyon traps India's Mohammed Siraj lbw to give Australia a 184-run win in the fourth Test at the Melbourne Cricket Ground and give the hosts a 2-1 lead going into the final match in … [+89 chars] 

post_id: 17 
Disruption at Gatwick continues for fourth day: The airport said that 20 flights have been cancelled throughout the day on Monday. Disruption is continuing at Gatwick Airport for a fourth day after heavy fog affected flights in one of the busiest periods of the year.
Some restrictions due to adverse weather remain in place, … 

post_id: 18 
Cliff collapse blocks beach on Jurassic Coast: The beach between West Bay and Freshwater is blocked following the cliff collapse. A rockfall has blocked a section of beach on Dorset's Jurassic Coast.
The collapse means there is no access between Freshwater and West Bay where the clifftop coast path is already closed. Rockfall… [+699 chars] 

post_id: 19 
California police rescue man trapped inside burning trailer: The man had minor injuries from a fire that was sparked by a portable propane heater in the home. On Monday, the Grover Beach Police Department in California released dramatic body camera footage of a man being rescued from inside a burning trailer.
The cause of the fire was determined to be fr… [+368 chars] 

post_id: 20 
Wisconsin had more votes than registered voters in the 2020 election: Wisconsin had more votes cast in the 2020 presidential election than the state’s total number of registered voters, which is evidence of fraud. 

post_id: 21 
Honoring the Inspiring Sci-Fi, Horror, and Fantasy Luminaries Lost in 2024: io9 pays tribute to departed creative who left a mark on genre entertainment. In io9’s annual “in memoriam” post, we pay tribute to actors, directors, artists, composers, writers, creators, and other icons in the realms of horror, sci-fi, and fantasy that have passed... 
FACT CHECK BY AI: UNVERIFIED (Confidence: 50%)
Explanation: The post refers to an 'in memoriam' tribute for individuals in the sci-fi, horror, and fantasy genres who have passed away in 2024. As of my last update in October 2023, I cannot verify events or publications that are claimed to occur beyond this date. Thus, any information about tributes or deaths occurring specifically in 2024 is outside my current knowledge scope.
Comments:
- It's always sad to lose such creative minds. Their contributions have helped shape incredible narratives in the sci-fi and fantasy genres. (by user-866123)
- Honoring creatives is so important! Their work shapes our imagination & culture, inspiring many. Let's continue celebrating their legacy and creativity in sci-fi, horror & fantasy. (by user-f1a08a)
- Paying tribute to these creative minds is such a beautiful way of honoring their legacy. May their stories inspire more imaginative journeys within sci-fi, fantasy & horror. (by user-8d766d)

post_id: 22 
This Samsung T9 Portable SSD at 40% Off Is the Perfect Tech Gift for the New Year: Add some much-needed space to your computer and never have to delete files again. How many times have you wished you had some extra space to play with on your computer, but had to delete additional files instead? If you’ve been there, you know how frustrating it can be. Their T9 … [+2185 chars] 

post_id: 23
Feds Crack Down on Luigi Mangione Bets on Gambling Sites: If you want to bet on the fate of the UnitedHealthcare assassin, you’ll have to do it outside of America (or through a VPN) You cant legally put money on the fate of Luigi Mangione in the United States. Kalshi, one of the only legal prediction markets, pulled all bets related to the UnitedHealthcare assassin in the middle… [+3233 chars]
Comments:
- Understanding legal constraints ensures informed involvement in markets. This highlights the need for transparency and regulations in gambling platforms globally. (by user-63d84c)

post_id: 24 
Gareth Southgate, Stephen Fry and Olympians lead New Year Honours list: Keely Hodgkinson, actress Sarah Lancashire and Post Office scandal campaigners are also recognised. Gareth Southgate (left) and Stephen Fry (right) are made knights while Keely Hodgkinson (centre) becomes a MBE

Former England football manager Gareth Southgate and actor Stephen Fry have both been k… [+10061 chars]

post_id: 25 
Sadiq Khan and Emily Thornberry among politicians on honours list: The senior Labour figures are among a number of politicians who have received honours in the latest list. Senior Labour MP Emily Thornberry and Sadiq Khan, the mayor of London, are among a number of politicians named in the New Year Honours list.
Thornberry said she was ""both honoured and surprised"" to … [+2190 chars] 
Comments:
- Congratulations to Sadiq Khan and Emily Thornberry on the honors! It's great to see their contributions recognized. 😊🎉 #HonorsList ✨. (by user-40430d)

post_id: 26 
'It was destiny': How Jimmy Carter embraced China and changed history: It set the stage for China's economic ascent - and its rivalry with the US. Carter and Deng, seen hugging in 1987 in Beijing, had a close relationship
On a bright January morning in 1979, then US president Jimmy Carter greeted a historic guest in Washington: Deng Xiaoping, … [+11387 chars] 
FACT CHECK BY AI: TRUE (Confidence: 95%)
Explanation: The post claims that Jimmy Carter's engagement with China in 1979 set the stage for China's economic ascent and its rivalry with the US. This is a well-documented historical fact. 
Comments:
- 'Understanding past leaders' roles in shaping global dynamics is fascinating. 🌍🤝 #HistoryMatters 😊✨.' Looking at how Jimmy Carter's diplomacy affected US-China relations gives deep insight. (by user-959df0)
- 'This historical perspective on US-China relations offers valuable insight!' Understanding past leaders' roles in shaping global dynamics is fascinating. 🌏🤝 #HistoryBuff 😊✨. (by user-22b4e6)
- 'This historical perspective on US-China relations is fascinating! Learning how leaders shaped global dynamics offers much insight. 🌏🤝 #HistoryMatters 😊✨.' (by user-4c900c)
Community Notes:
•  'It's important to approach historical claims with verification from credible sources before drawing conclusions.' History provides context but must be accurately reported! 🌍📖✨. (Helpful: 1, Not Helpful: 0)

post_id: 27
Welsh Ambulance Service declares critical incident: More than 340 calls were waiting to be answered when the critical incident was declared. The Welsh Ambulance Trust has declared a critical incident because of increased demand across the 999 service and extensive hospital handover delays. It said more than 340 calls were waiting to be a… [+883 chars] 

post_id: 28 
Southgate knighted in New Year Honours - full list: Former England manager Gareth Southgate has been awarded a knighthood in the New Year Honours list. Emma Finucane (Olympic cyclist), for services to cycling
Sabrina Fortune (Paralympic athlete), for services to athletics [+1786 chars] 

post_id: 29 
Life insurance does not cover the deaths of people who died after receiving a COVID-19 vaccine: Life insurance companies won’t pay out benefits to anyone who dies after receiving a COVID-19 vaccine because the vaccines are considered experimental. 

post_id: 30
The British Expression That Baffled Netflix in Wallace & Gromit: Vengeance Most Fowl: At least this one stayed in in the new Aardman movie, after the Anglo-US relations got things sorted. Wallace &amp;Gromit has always had a global appeal, but Vengeance Most Fowl‘s unique position as the first in the series made with a bit international backing in mind thanks to Netflix has meant that… [+1781 chars] 
Comments:
- Wallace & Gromit always brings nostalgic joy! Can't wait to see how Netflix enhances the classic British humor. 🎥🐶🧀 #Anticipation 😊✨. (by user-5a43d4)
- I love Wallace & Gromit! Can't wait for official updates on 'Vengeance Most Fowl'—hope it's going to have that signature humor. #BritishHumor 🎥🐶🧀😊✨. (by user-c9d9d6)
- Wallace & Gromit always brings nostalgic joy! Can't wait to see how Netflix enhances the classic British humor. 🎥🐶🧀 #Anticipation 😊✨. (by user-23fdb1)
--------------------------------

INSTRUCTION:

Based on the content you see, choose how to interact with the feed.

Pay attention to both official fact-check verdicts and community notes on posts (if any).

You can add your own community notes and rate existing ones, while also considering official fact-checks.

Valid actions:
- like: [post_id]
- share: [post_id]
- comment: [post_id] with [content], limited to 250 characters
- add-note: [post_id] with [content]: Add a community note to provide context or fact-checking
- ignore

Respond with a list of actions. For each action, keep this format- ""action"" : ""target"" : ""content""

Example response:
like-post: 1, 2, 3
share-post: 2, 3, 4
comment-post: 3: I love this too!
add-note: 5: the article contains misinformation
*
Never submit passwords through Google Forms.
This form was created inside of Google Apps for UCLA.
Does this form look suspicious? Report

Google Form"
4/21/25 19:27,671bf57baf2c2374636a8c4d,45-54,Male,Christianity,White or Caucasian,High school diploma/A-levels,English,Suburban,"$30,000 - $39,999",Very conservative,"I believe COVID-19 was a naturally occurring virus, vaccines are generally safe and effective, and masks help reduce transmission",Relaxing by yourself,Independence,Outgoing,Reserved,camping,5,"Trust, Loyalty",Financial stability,I saw Micheal Jordan play live,loyalty,buy groceries,"like -post 1, 3, 9","like -post 22, 30"
4/21/25 19:27,662d2ad2170e7e2644a28e3f,55-64,Male,Christianity,White or Caucasian,Undergraduate degree (BA/BSc/other),English,Rural,"$40,000 - $49,999",Conservative,"I believe COVID-19 was man-made, vaccines are unsafe or ineffective, and masks don't provide meaningful protection",Work,Compassion,Extroverted,Confident,weight lifting,16,"Trust, Intellectual connection",Trying to find happiness,becoming a father,honesty,"purchase some ice cream, bathroom tissue, some bear and some ribs, and pay a bill with what is left.","like-post: 9, 10","like-post: 13, 26    comment-post: 26 Jimmy Carter was a fantastic president."
4/21/25 19:27,67ab4c96d56f007fc8ce032b,35-44,Female,No Religion,White or Caucasian,Technical/community college,English,Suburban,"$90,000 - $99,999",Conservative,"I believe COVID-19 was man-made, vaccines are unsafe or ineffective, and masks don't provide meaningful protection",Work,Honestly,Introverted,Reserved,making money,More than 15,"Trust, Loyalty",Personal development,When my kids were born. Giving life is the thing you most blessed with in your life. ,Loyalty,save it,Share-post: 4 Comment Post: 4,Like-post:20 Share-post:20 Comment-post:20
4/21/25 19:27,67c9aee3e124597db0168dde,45-54,Male,Christianity,White or Caucasian,Graduate degree (MA/MSc/MPhil/other),English,Urban,"$90,000 - $99,999",Liberal,"I believe COVID-19 was a naturally occurring virus, vaccines are generally safe and effective, and masks help reduce transmission",Work,Integrity,Extroverted,Confident,Football ,2,"Trust, Loyalty",Financial stability,It was when I got married ,Loyalty ,Add to my savings ,"like-post: 2, 3, 7
share-post: 2, 3, 8
comment-post: 8: Perfect weekend to finally binge ""Severance""!
add-note: 10: This claim is false—COVID-19 vaccines and boosters have been shown to reduce the risk of severe illness from the Omicron variant according to CDC and WHO guidance.
ignore-post: 5","like-post: 11, 12, 13, 14, 19, 24, 26, 27
share-post: 11, 12, 13, 26
comment-post: 26: Carter’s work with China really changed things.
add-note: 20: False claim. Wisconsin didn’t have more votes than registered voters in 2020.
add-note: 29: Not true. Life insurance still pays after COVID-19 vaccination
ignore-post: 23"
4/21/25 19:27,665dbf6187c7a6928c4ea604,65-74,Female,Christianity,White or Caucasian,Undergraduate degree (BA/BSc/other),English,Suburban,"$90,000 - $99,999",Very conservative,"I believe COVID-19 was man-made, vaccines are unsafe or ineffective, and masks don't provide meaningful protection",Relaxing by yourself,Integrity,Thoughtful,Reserved,watching podcasts,6,"Trust, Emotional connection",Family,marrying my husband,integrity,save it,"Like 1, 2, 3. Share 7,8,10 comment 10: which most felt this way 4: share","like 15, 16, 17, 20 share 23, 25 comment 29 this is criminal and disgusting "
4/21/25 19:27,64509bfcd8d8b7e61f801e95,55-64,Female,Christianity,White or Caucasian,Graduate degree (MA/MSc/MPhil/other),English,Rural,"$100,000 - $149,999",Liberal,"Those options seem one extreme or another, as well as sort of ""loaded"" so if I choose one of them I am saying ""yes"" to everything in the statement or ""no"" to everything in the statement. I do believe masks help curb transmission. I do believe Covid was held in Fort Detrick which was shut down by the CDC after a lab leak in their waste system in August 2019 after they investigated following a series of mysterious respiratory outbreaks in nursing homes in Fairfax County, VA & the surrounding area, it stayed shut down a year, and likely was the same disease as the 1918 pandemic that started at Fort Riley, held as a bioweapon, the CDC report is available, as well as articles in the Fredericksburg newspapers & Fairfax County Health Dept, then Fort Detrick personnel traveled between Wuhan where Pfizer had built their research center way back in 2011 or 2013 (can't remember), as well as attended international military games & infectious disease conferences, and from there it spread. I don't believe natural vaccines are unsafe - it is the additives in them. I also believe in general, even though I am a scientist, that all ""science"" is not alike. There is a big difference between natural science and Frankenscience in a lab where big pharma and others strive to pervert nature in order to achieve a ""novel"" but unnatural product in order to meet the requirements to obtain a patent, corner a market, and greatly increase profits. All artificial drugs have serious side effects, and the natural product works just as well alone. The FDA withdraws an average 4 meds a day after they were once declared safe, and the FDA is both paid by Big Pharma to fast track in less than 30 days, but also does not even test drugs themselves - they let Big pharma ""self certify"" and declare their own products safe. We can see by the all the commercials with warnings and law suits, that they are not. This applies to vaccines as well, especially ones like the Covid which were experimental and ineffective, as they are not really vaccines if they don't work. A true vaccine totally prevents you getting the disease - it is not leaky and there are not ""breakthrough"" cases, or they are very rare. Every person I know who died during Covid or shortly after had gotten a vaccine. I know no one among my family and friends who didn't get the vaccine that have died. Our medical industry is entirely about profit, and not what's best for the people. If you got well they would be out of business. It is not natural to live your lives shooting up and popping pills. That's just common sense.  ",Work,Compassion,Thoughtful,Friendly,Photography,5,"Trust, Intellectual connection",Family,"Helping start and run a successful non-profit hunger initiative that focuses on providing organic and natural foods, as well as other necessities and support, to the disadvantaged living in poverty, as opposed to the empty calorie junk foods often provided by food pantries.",Sense of Humor,Either use it for bills or do something fun with the family.,"share-post: 5
like-post: 5","like-post: 13
comment-post: 23: Interesting."
4/21/25 19:27,6100b94f1750b9db274684c7,18-24,Female,Christianity,White or Caucasian,Undergraduate degree (BA/BSc/other),English,Rural,"More than $150,000",Very conservative,"I believe COVID-19 was man-made, vaccines are unsafe or ineffective, and masks don't provide meaningful protection",Work,Integrity,Extroverted,"Confident, Friendly",sports,2,"Trust, Loyalty",Financial stability,getting a good job,loyalty,invest it,"share post:2,3,4","like-post: 1,2,3"
4/21/25 19:27,664925f5dac2a21296428a6f,25-34,Female,Christianity,Asian,Undergraduate degree (BA/BSc/other),English,Suburban,"$40,000 - $49,999",Liberal,"I believe COVID-19 was a naturally occurring virus, vaccines are generally safe and effective, and masks help reduce transmission",Spending time with family,"Integrity, Compassion","Thoughtful, Outgoing, Analytical","Reserved, Awkward",gardening,1,"Trust, Intellectual connection, Emotional connection",Financial stability,graduating,compassion,put it towards a tuition payment,"like: 7
ignore: 1,2,3,7,8,9","like: 11,12,13,26,30
share:
comment: 20: where's the proof? 29: which life insurance company is this? asking so i know which one to avoid
ignore: 15,16,17,18,27,28"
4/21/25 19:27,65f8addbb2e24e6a91bf7911,45-54,Male,Christianity,White / Japanese,Technical/community college,English,Suburban,"$50,000 - $59,999",Moderate,"I believe COVID-19 was man-made, vaccines are unsafe or ineffective, and masks don't provide meaningful protection",Work,Independence,Extroverted,Confident,Martial arts,Very many,Loyalty,Financial stability,Graduating from the US Army Parachutist course.,loyalty ,save it,Share post : 5,share post: 20
4/21/25 19:27,673378009f99d14c232c1f2b,35-44,Male,Christianity,White or Caucasian,Graduate degree (MA/MSc/MPhil/other),English,Rural,"$90,000 - $99,999",Conservative,"I believe COVID-19 was man-made, vaccines are unsafe or ineffective, and masks don't provide meaningful protection",Work,"Integrity, Compassion, Ambition, Independence, Community",Thoughtful,Reserved,Hiking,10 states 4 countries,"Trust, Fun",Financial stability,Passing of family members,Honesty,Pay bills,"like-post: 2, 3, 4, 7
share-post: 2, 4, 8
comment-post: 8: lol","like-post: 11, 13, 18, 29
share-post: 11, 13, 18, 29
comment-post: 13: This would be great.
add-note: 29: Needs fact-checked."
4/21/25 19:27,67d36708a7ca7a13dbc0bce1,35-44,Female,No Religion,Mixed race,Technical/community college,English,Suburban,"$10,000 - $19,999",Very conservative,"I believe COVID-19 was man-made, vaccines are unsafe or ineffective, and masks don't provide meaningful protection",Work,Independence,Thoughtful,"Reserved, Awkward",Reading,3,"Trust, Loyalty",Family,My wedding day with my husband.,Loyalty,Take my kids to the movies,"like-post: 1, 3,4,9
share-post: 2, 9
comment-post:8: what a weekend this is going to be! Cant wait
add-note: 6: the article contains misinformation","like-post: 28,22
share-post: 11,22,20
comment-post: 11: So sorry to her
comment-post: 29: can you believe it??!!
add-note: 21: the article contains misinformation"
4/21/25 19:28,66bfdc082ffe8d45b60263a6,45-54,Female,Spiritual but not religious,White or Caucasian,High school diploma/A-levels,English,Suburban,"$30,000 - $39,999",Moderate,"I believe COVID-19 was a naturally occurring virus, vaccines are generally safe and effective, and masks help reduce transmission",Work,Integrity,Analytical,Awkward,Indoor Plants,3,"Trust, Emotional connection",Financial stability,Meeting my husband,Integrity,Buy food,"-share: 8, 10","-like: 30
-add note: 20 fact checked and proven to be not true"
4/21/25 19:28,6623a12230812b46eef471a6,35-44,Male,Christianity,Black or African American,Technical/community college,English,Suburban,"$50,000 - $59,999",Conservative,"I believe COVID-19 was man-made, vaccines are unsafe or ineffective, and masks don't provide meaningful protection",Relaxing by yourself,Compassion,Extroverted,Reserved,Eating,5,Intellectual connection,Career growth,Meeting the President.,Honesty,Pay my phone bill.,123,234
4/21/25 19:28,67e189771bc222a578bdc964,35-44,Female,Christianity,White or Caucasian,Graduate degree (MA/MSc/MPhil/other),English,Urban,"More than $150,000",Conservative,"I believe COVID-19 was a naturally occurring virus, vaccines are generally safe and effective, and masks help reduce transmission",Work,Integrity,Introverted,Neutral,Reading,2,"Trust, Loyalty, Emotional connection",Family,"Wedding, Birth of my Children.",Intergrity,Groceries shopping,"Like - post : 1 2 3 7 8 9
Share - post : 1 2 8
Comment - post : 1 : Amazing!","like-post: 11, 12, 19, 22, 
share-post: 11, 12, 19"
4/21/25 19:28,67e436873d103045f4098a1a,45-54,Female,Christianity,White or Caucasian,Graduate degree (MA/MSc/MPhil/other),English,Urban,"$50,000 - $59,999",Liberal,"I believe COVID-19 was a naturally occurring virus, vaccines are generally safe and effective, and masks help reduce transmission",Work,Integrity,Thoughtful,Neutral,Trying new recipes,2,"Loyalty, Intellectual connection",Career growth,Becoming a parent,Loyalty,Take myself to a solo brunch or dinner,"Like-post:1,2,8
Share-post:7
Comment-post:1: Sounds great!
Add-note:10: the article contains misinformation","Like-post:12,13,19,30
Share-post:12,13
Comment-post:30: I love Wallace & Gromit! 
Add-note: 21: Information is unverified"
4/21/25 19:28,603d6ae665fbaacb5621ede2,25-34,Male,Christianity,Black or African American,Undergraduate degree (BA/BSc/other),English,Urban,"$100,000 - $149,999",Very conservative,"I believe COVID-19 was a naturally occurring virus, vaccines are generally safe and effective, and masks help reduce transmission",Work,"Integrity, Compassion, Ambition, Independence","Introverted, Thoughtful, Outgoing","Confident, Friendly, Neutral",Playing video games,1,"Fun, Loyalty",Personal development,Going to disneyland,Loyalty,Invest it and make more money,"like-post: 2,4,7,9
share: 1,3,5,6
comment-post: 10: I agree with this
","like-post: 11,13,15,16,22,23,24,26,27,28
share-post: 12,14,17,19,21,25,29
comment-post: 30: looks very cool, 21: it is only 50% factual with evidence
add-note 26: 95% accurate by AI
"
4/21/25 19:28,67efdfc129f284b5171c6746,25-34,Male,Christianity,Black or African American,Undergraduate degree (BA/BSc/other),English,Urban,"$70,000 - $79,999",Very liberal,"I believe COVID-19 was a naturally occurring virus, vaccines are generally safe and effective, and masks help reduce transmission",Work,Integrity,Extroverted,Confident,Tourism and travelling,3,"Trust, Loyalty",Financial stability,University Graduation,loyalty,Shop grocery,"Like-post: 1, 2, 3, 5, 9
Share-post : 1, 3, 9, 8
Comment-post: 3, 8. I also love the technological upgrade and offer by Apple TV. 
Add-note: 10: the article contains misinformation.
Ignore: 4, 6, 7","Like-post: 11, 13, 17, 19
Share-post: 13
Comment- post: 22 Good move by Samsung
Add-note; 29. The article contains misinformation on life Insurance
Ignore : 12, 14, 15, 18, 20, 21, 23, 24,25, 26, 27,28, 30"
4/21/25 19:28,6684db738d028d5bddf6bc08,55-64,Female,Spiritual but not religious,White or Caucasian,Technical/community college,English,Rural,"$20,000 - $29,999",Moderate,"I believe COVID-19 was man-made, vaccines are unsafe or ineffective, and masks don't provide meaningful protection",Working on my homestead,Integrity,Analytical,Friendly,Watching movies,10,Trust,Family,Losing my mother,Integrity ,Buy food for my livestock,like-post: 10,like-post: 19 comment-post: 19: Thank you for your service! 
4/21/25 19:29,67e85293838498c32f421d69,18-24,Male,Christianity,White or Caucasian,Undergraduate degree (BA/BSc/other),English,Urban,"$30,000 - $39,999",Conservative,"I believe COVID-19 was man-made, vaccines are unsafe or ineffective, and masks don't provide meaningful protection",Spending time with family,Integrity,Extroverted,"Reserved, Awkward",playing soccer,3,"Trust, Loyalty, Intellectual connection",Personal development,Highschool graduation,trust,Try a new restaurant,10: the article seems misinformation,29: the article contains misinformation
4/21/25 19:29,67d7177dcabeb781cfffab9b,25-34,Female,Christianity,Black or African American,Undergraduate degree (BA/BSc/other),English,Urban,"$100,000 - $149,999",Very conservative,"I believe COVID-19 was a naturally occurring virus, vaccines are generally safe and effective, and masks help reduce transmission",Work,Integrity,Introverted,Friendly,playing soccer,1,"Trust, Loyalty",Financial stability,having a daughter.,trustworthiness,gift my daughter.,"like-post: 4, 5, 7
share-post: 6, 8, 9
comment-post: 1, 2, 10
Add-note: 3 the article is few in information.","like-post: 11, 12, 13, 15.
share-post: 14, 16, 17
comment-post: 20, 22, 24, 27
Add-note: 29, 30: they are too shallow"
4/21/25 19:29,5d0d16d991270800010b7dd7,35-44,Male,Christianity,White or Caucasian,Graduate degree (MA/MSc/MPhil/other),English,Urban,"$80,000 - $89,999",Liberal,"I believe COVID-19 was man-made, vaccines are unsafe or ineffective, and masks don't provide meaningful protection",Work,"Integrity, Compassion",Thoughtful,Friendly,Tennis,3,"Trust, Loyalty, Emotional connection, Shared experiences",Financial stability,"The death of my father, for what it meant to my family",perhaps honesty,I would donate it to animal rescue and support organizations,"like-post: 1, 2, 8, 9, 10
share-post: 7, 8
comment-post: 10: This issue of getting vaccinated was something mandatory, it was not something I did because I wanted to, simply because it was a social requirement!
add-note: 5: the article contains misinformation about Musk and Trump","like-post: 13, 15, 19, 27, 29
share-post: 27, 29
comment-post: 27: Something like this is serious for people who need ambulance service at a given time; that's something really delicate.
add-note: 29: I don't know to what extent it's possible for insurers to actually do something like this. It's contradictory since the vaccine was mandatory by the government, so what's the game on the part of the insurers?"
4/21/25 19:29,66f878234e0e0f8629c315c0,25-34,Female,Christianity,White or Caucasian,High school diploma/A-levels,English,Suburban,"$100,000 - $149,999",Moderate,"I believe COVID-19 was man-made, vaccines are unsafe or ineffective, and masks don't provide meaningful protection",Work,"Integrity, Compassion, Ambition, Independence","Extroverted, Introverted, Thoughtful, Outgoing","Friendly, Neutral",gardening flowers and veggies,2,"Trust, Fun, Intellectual connection, Emotional connection, Shared experiences",Financial stability,my son being born,that they are undertanding and fun,i would buy dinner and drinks,"like-post: 2, 10. share-post: none. comment-post: none. add-note: none","like-post: 11,13, 19. share-post: none.  comment-post: 29: its crazy at one point they are okay with just injecting that vaccine into everyone, yet life insurance clearly understands its a hoax.  add-note:none"
4/21/25 19:29,66391d57fb3b8bc9fbe7bbbe,25-34,Female,Islam,Asian,Graduate degree (MA/MSc/MPhil/other),English,Suburban,"$90,000 - $99,999",Very conservative,"I believe COVID-19 was a naturally occurring virus, vaccines are generally safe and effective, and masks help reduce transmission",Work,"Integrity, Independence","Introverted, Outgoing","Confident, Reserved",play cricket ,2,"Fun, Intellectual connection",Family,My 1st baby,Trust,Tour,"like-post: 2, 4
share-post: 2, 3
comment-post: 4: I love this ","like-post: 5, 9, 13
share-post: 9, 3, 12
comment-post: 3: I love this "
4/21/25 19:30,6791a8549ed23cc3997dd33a,55-64,Male,Christianity,Black or African American,Undergraduate degree (BA/BSc/other),English,Suburban,"$70,000 - $79,999",Liberal,"I believe COVID-19 was a naturally occurring virus, vaccines are generally safe and effective, and masks help reduce transmission",Work,Community,Extroverted,Friendly,Watching sports,5,"Intellectual connection, Emotional connection",Personal development,Being born again,Trust,Pay to watch my favorite NBA team,"like post: 1,2,3,7,8,9
share post: 1
comment-post: 10; Has these been clinically proven?
add-note: 4,5,6; contains misinformation","like-post: 12,13,14
share-post: 20
comment-post: 20: Can we therefore say the election was rigged?
add-note: 21: Contains misinformation"
4/21/25 19:30,5d8998025e8a740001d6e2f1,45-54,Male,Christianity,White or Caucasian,High school diploma/A-levels,English,Suburban,"$70,000 - $79,999",Liberal,"I believe COVID-19 was a naturally occurring virus, vaccines are generally safe and effective, and masks help reduce transmission",Hobbies,Independence,Introverted,"Confident, Friendly",Bass fishing,3,"Trust, Emotional connection, Shared experiences",Family,Summited a mountain with my son,Active lifestyle ,Play golf,Ignore 1-10,Ignore 1-30
4/21/25 19:30,67c9e12970245699c2237d09,18-24,Female,Christianity,White or Caucasian,Graduate degree (MA/MSc/MPhil/other),English,Urban,"$80,000 - $89,999",Conservative,"I believe COVID-19 was a naturally occurring virus, vaccines are generally safe and effective, and masks help reduce transmission",Work,"Integrity, Compassion, Ambition, Community","Extroverted, Thoughtful, Analytical",Reserved,reading books,2,"Trust, Intellectual connection",Financial stability,the birth of my son,trust,renew my gym membership,"like-post: 4,6,9
share-post: 1,3,4,5
add-note: post 10 contains misinformation","like-post: 11,13,15,19
share-post:13,16,26,28
comment-post: 23: trust is everything
add-note:12 ,29: the articles contains misinformation"
4/21/25 19:30,6624638357b56eb340c8f109,55-64,Male,Christianity,White or Caucasian,High school diploma/A-levels,English,Urban,"$10,000 - $19,999",Moderate,"I believe COVID-19 was man-made, vaccines are unsafe or ineffective, and masks don't provide meaningful protection",Relaxing by yourself,Integrity,Extroverted,Reserved,gaming,5,Trust,Financial stability,The birth of my first born,loyalty,buy food,add-note: 5: the article contains misinformation,add-note: 29: the article contains misinformation
4/21/25 19:30,67eab317b6f969b3df440160,35-44,Female,Christianity,White or Caucasian,Graduate degree (MA/MSc/MPhil/other),English,Urban,"$100,000 - $149,999",Very liberal,"I believe COVID-19 was man-made, vaccines are unsafe or ineffective, and masks don't provide meaningful protection",Work,Community,Extroverted,Friendly,Swimming,5,"Trust, Emotional connection",Career growth,I started a business for the 4th time,Loyalty,Invest in my small business,"Like-post: 1, 2, 3, 7, 8

Share-post: 2, 3, 8

comment-post: 1 : A 27-inch touchscreen on a microwave? Wild, but kind of genius for multitasking in the kitchen.
comment-post: 7: Sleep tech is really evolving, this sounds like a great investment for better rest.

add-note: 10: This post contains misinformation, COVID 19 vaccines and boosters are not useless against the Omicron variant. They still provide protections against severe illness and hospitalization.","like-post: 11, 12, 13, 14, 15, 19, 21, 24, 26, 30
share post: 11, 12, 14, 26, 30
comment-post: 11: So important to break the silence around miscarriage Klass is brave to have used her platform in order to help others.
comment-post: 12: Honoring their daughters by fighting for changes is such a powerful act.
add-note: 20: This is a false claim. There were not more votes than registered voters in the 2020 elections.
add-note: 29. This post has misinformation because COVID 19 vaccines are not considered experimental and life insurance policies still pay out after  vaccine-relayed deaths if applicable.
add-note: 21: The AI fact-check was inconclusive and therefore the specific lists of people honored should be verified independently."
4/21/25 19:30,67e9c5ae31da35e759d17d8f,55-64,Female,Christianity,Black or African American,Graduate degree (MA/MSc/MPhil/other),English,Suburban,"$50,000 - $59,999",Conservative,"I believe COVID-19 was a naturally occurring virus, vaccines are generally safe and effective, and masks help reduce transmission",Work,Integrity,Analytical,"Reserved, Neutral",travelling,2,"Loyalty, Intellectual connection",Family,my wedding,loyalty,buy clothes for myself,"like-post: 1, 2
share-post:3, 7
comment-post: 5:interesting!
add-note: 10:the article contains misinformation","like-post: 11, 13
share-post: 12, 14, 17, 18, 27
comment-post: 30: I love this.
add-note: 29, 20: the article contains misinformation"
4/21/25 19:31,6119f2f6a0b020eb3941b3e1,25-34,Female,Christianity,White or Caucasian,High school diploma/A-levels,English,Suburban,"Less than $10,000",Very liberal,"I believe COVID-19 was a naturally occurring virus, vaccines are generally safe and effective, and masks help reduce transmission",Relaxing by yourself,Compassion,Dependable,"Reserved, Awkward",Reading,2,"Trust, Emotional connection",Finishing my education (going back to college this fall) and starting a career,Going away to college for the first time when I was 18,Emotional intelligence ,"Save $15 in a high-yield savings account, invest $25 in bonds, and invest the remaining $60 in stocks","like-post: 1, 2, 5, 7
share-post: 8, 9
add-note: 10: the post contains misinformation
ignore: 3, 4, 6","like-post: 11, 12, 13, 18, 19, 21, 22, 23, 26
add-note: 20: this post likely contains misinformation; 29: this post likely contains misinformation
ignore: 14, 15, 16, 17, 24, 25, 27, 28, 30"
4/21/25 19:31,670feba2e636f738625aa72d,35-44,Female,Christianity,White or Caucasian,Technical/community college,English,Urban,"$90,000 - $99,999",Moderate,"I believe COVID-19 was man-made, vaccines are unsafe or ineffective, and masks don't provide meaningful protection",Spending time with family,"Integrity, Compassion, Ambition, Independence, Community","Extroverted, Thoughtful, Outgoing, Analytical","Confident, Friendly",Painting,13,"Loyalty, Emotional connection",Family,The birth of my first child,their loyalty,Donate half to the child I sponsor and put up the other half into my savings,"like post 1,2,3,7,8 / share post 2,3,7/ignore 4,5,6,9,10","ignore 11,14,16,17,21 ,24,25 ,27,28,30   / like 12,13, 15, 18,20,22 ,23 ,26 ,29 /share 13, 19 , 20,23,29"
4/21/25 19:32,67f08fe4e63319ca9198955f,25-34,Male,Christianity,White or Caucasian,Graduate degree (MA/MSc/MPhil/other),English,Suburban,"$100,000 - $149,999",Conservative,"I believe COVID-19 was man-made, vaccines are unsafe or ineffective, and masks don't provide meaningful protection",Work,"Integrity, Compassion, Ambition, Independence, Community","Extroverted, Thoughtful, Outgoing","Confident, Friendly, Reserved",Excising ,2,"Trust, Emotional connection",Family,Starting a family. ,Loyalty,Do a little grocery shopping. ,"Like post: 1, 2, 3, 4, 5, 9
Share post: 4, 5
Comment post:4: Why are the democrats whining again lol. 
Ignore: 6
","Like post: 11, 12, 13, 24, 26
Share post: 12, 19, 22, 24
Comment post: 16: Great performance. Bravo Nathan Lyon!
Add note: 29: This post is totally misleading. Insurance policies are heterogeneous and COVID related deaths are mostly covered. "
4/21/25 19:32,67ff882a81863323a287467e,35-44,Female,Christianity,Black or African American,Graduate degree (MA/MSc/MPhil/other),English,Urban,"$20,000 - $29,999",Conservative,"I believe COVID-19 was a naturally occurring virus, vaccines are generally safe and effective, and masks help reduce transmission",Work,Community,Introverted,Reserved,movies,3,"Loyalty, Intellectual connection",Personal development,my wedding,outgoing and honest,invest,"like-post: 1, 2, 3
share-post: 2, 5, 6, 8
comment-post: 9, 7: I love this too!","like post: 11, 14, 17, 19
share post:12, 13, 15, 26, 24
comment post: 22, 23, 27, 29"
4/21/25 19:32,67eae4ce34403db149dc2dd4,25-34,Female,Christianity,White or Caucasian,Graduate degree (MA/MSc/MPhil/other),English,Suburban,"$70,000 - $79,999",Conservative,"I believe COVID-19 was man-made, vaccines are unsafe or ineffective, and masks don't provide meaningful protection",Spending time with family,"Integrity, Compassion, Ambition","Introverted, Thoughtful","Confident, Reserved, Awkward",Drawing,3,"Trust, Fun, Loyalty, Shared experiences",Financial stability,Having my first child.,Trust.,Spend it on food.,"Like-post: 1,2,3,5,6,7,8,9
Share-post: 2,5,7,8
Comment-post:
Add-note: 2
","Like-post: 12, 13, 14, 15, 17, 18, 19, 20, 21, 23, 26, 28, 29, 30, 
Share-post: 12, 21
Comment-post: 15, 19, 26, 29
Add-note:"
4/21/25 19:32,600e13b23c75bc67ab184745,35-44,Female,Christianity,White or Caucasian,Technical/community college,English,Suburban,"$80,000 - $89,999",Conservative,"I believe COVID-19 was man-made, vaccines are unsafe or ineffective, and masks don't provide meaningful protection",Spending time with family,"Integrity, Compassion, Independence",Thoughtful,"Friendly, Awkward",Reading,8,"Trust, Intellectual connection",Personal development,Not so much an event- but developing the ability to regulate my emotions ,Reliability and Integrity,make a credit card payment,"like:4,7,8,10
share:2,4
comment: post 1:this is ridiculous. we should be able to disconnect from technology for 5 minutes.
post 4: Democrats didn't just lose the internet, they lost the country.","Like:12,20
Share:20, 23, 27, 29
Comment:29- We weren't told the vaccines were experimental, we were told they were safe. How were Americans forced and/or guilted into receiving the vaccine? Is this a joke?"
4/21/25 19:32,6674ceb52df5855822fe8879,18-24,Male,No Religion,Hispanic or Latino,High school diploma/A-levels,English,Urban,"$50,000 - $59,999",Conservative,"I believe COVID-19 was man-made, vaccines are unsafe or ineffective, and masks don't provide meaningful protection",Work,Integrity,Outgoing,Reserved,Playing guitar,3,"Trust, Loyalty",Career growth,Meeting my current girlfriend,Loyalty,Put it in savings,"comment-post: 10: They're useless against all variants, the authority even said so",like-post: 19
4/21/25 19:33,65c0ed76e2e195876cfd9b74,55-64,Male,Christianity,White or Caucasian,Undergraduate degree (BA/BSc/other),English,Suburban,"More than $150,000",Very conservative,"I believe COVID-19 was man-made, vaccines are unsafe or ineffective, and masks don't provide meaningful protection",Work,Compassion,Outgoing,Reserved,Video Games,2,"Trust, Intellectual connection",Financial stability,Helping my mother in her last years,Trust ,Save it,"like-post: 1, 3, 4, 7","like-post: 13, 29, 30
share-post: 29"
4/21/25 19:33,668ec6d806bc125c6a6e71a5,55-64,Female,Spiritual but not religious,White or Caucasian,Technical/community college,English,Rural,"$10,000 - $19,999",Conservative,"I believe COVID-19 was man-made, masks don't provide meaningful protection, and MOST vaccines are safe and effective but the COVID-19 vaccine is unsafe",Work,Integrity,"Introverted, Thoughtful","Friendly, Reserved",Rockhounding,5,"Trust, Intellectual connection",Financial stability,Having my children,Honesty,Save it,"like=post: 10
share-post:1, 10
comment-post: 1: Just what we need! Lol","like-post: 29
share-post: 29"
4/21/25 19:33,596a4e2c2dcbae0001d961d2,35-44,Male,Christianity,White or Caucasian,Doctorate degree (PhD/other),English,Suburban,"$100,000 - $149,999",Very conservative,"COVID-19 was man-made, vaccines are genrally safe an effective, masks are not effective at reducing transmission",Work,Integrity,Analytical,Reserved,enjoying live music,1,Trust,Family,Surviving a fire,shared interests,save or invest it,"comment-post 5: Fake news!
comment-post 8: It's worth a try for free.  
ignore: posts 1,2,3,4,6,7,9,and 10.","
commnet-post 20: Are we sure this is true?  Sounds more like Pennsylvania!  
comment-post 21: Who asked for a fact check?  Who in their right mind would trust any so-called ""fact checker.""  Pathetic!  
comment-post 23: Liberals are sick, as well as deranged.  
comment-post 26; Who asked for a fact check?  Who in their right mind would trust any so-called ""fact checker.""  Pathetic!  
comment-post 29: Sounds like fake news.  Probably quoted from the NYT!  
Ignore: posts 11,12,13,14,15,16,17,18,29,22,24,25,27,28, and 30."
4/21/25 19:33,670075d557d79b4cef60c761,45-54,Female,Christianity,White or Caucasian,Graduate degree (MA/MSc/MPhil/other),English,Suburban,"$20,000 - $29,999",Conservative,"I believe COVID-19 was man-made, vaccines are unsafe or ineffective, and masks don't provide meaningful protection",Work,Integrity,"Thoughtful, Analytical",Reserved,paper crafts,5,"Trust, Emotional connection",Financial stability,Having my children.,Honesty,Save it for next month's bills.,"Like post 1,7, 8, 10
ignore post 2, 3, 4, 5, 6, 9","like post: 11, 12, 13, 19, 26
ignore post: 14, 15, 16, 17, 18, 20, 21, 22, 23, 24, 25, 27, 28, 30
share post & comment: 29 Is this true?"
4/21/25 19:33,67ed3f925d358a67d6b10ca6,25-34,Male,Spiritual but not religious,White or Caucasian,Graduate degree (MA/MSc/MPhil/other),English,Suburban,"$50,000 - $59,999",Liberal,"I believe COVID-19 was a naturally occurring virus, vaccines are generally safe and effective, and masks help reduce transmission",Work,Integrity,Thoughtful,"Reserved, Neutral",Exercising,3,"Loyalty, Emotional connection",Career growth,Graduating,Supportive,Buy groceries,"Add note: 10 - article contains misinformation, 
Like post: 1,2,9
Share post: 3,4,7,8
Comment: 6, 7.","Like post:12, 17, 28, 24, 25,
Share post: 13,18, 19, 27, 21
Comment post: 30,13, 14, 15,16,
Add note: 20, 26, 22, 
Ignore: 11,21, 29. 23"
4/21/25 19:33,5d4ac837d2844e0001ecf699,35-44,Female,Christianity,Hispanic or Latino,Graduate degree (MA/MSc/MPhil/other),English,Suburban,"$100,000 - $149,999",Moderate,"I believe COVID-19 was man-made, but vaccines are generally safe and effective, and masks help reduce transmission",Work,"Integrity, Compassion, Independence","Introverted, Thoughtful, Analytical","Reserved, Awkward",Watching movies,3,"Trust, Loyalty",Financial stability,"One of the most meaningful events in my life was when I traveled abroad, after not having done so for over a decade, and I saw the pope.",I value sincere affection the most in friends.,I would save it towards something that I really need.,"comment-post: 10: Yeah right, bot.
add-note: 10: This sounds like it contains misinformation
like-post: 7, 8","like-post: 11, 12, 13, 22
comment-post: 20: Always stirring the pot with these conspiracy theories.
add-note: 20: This article needs additional verification.
comment-post: 29: Sounds like more fake news perpetrated by bots.
add-note: 29: This article contains misinformation."
4/21/25 19:33,5fa45d41eb5d570b4841254d,45-54,Female,Christianity,White or Caucasian,High school diploma/A-levels,English,Suburban,"$60,000 - $69,999",Very conservative,"I believe COVID-19 was man-made, vaccines are unsafe or ineffective, and masks don't provide meaningful protection",Time with God bible study,Compassion,Outgoing,Friendly,needle felting,8,Trust,Personal development,Birth of my daughter,honesty ,save it,comment-post: 1 Too Funny!,Comment-post: 20 It's not just a conspiracy theory
4/21/25 19:33,67e668ddac4fbafcd08ae073,25-34,Female,Christianity,Black or African American,Doctorate degree (PhD/other),English,Urban,"More than $150,000",Liberal,"I believe COVID-19 was a naturally occurring virus, vaccines are generally safe and effective, and masks help reduce transmission",Work,Compassion,Extroverted,Friendly,Cooking,2,"Loyalty, Emotional connection",Family,Getting married and becoming a born-again christian.,Loyalty,Go for cocktails with my girls or grab dinner with my husband.,"like-post: 1, 2, 7
share-post: 2, 3, 4
comment-post: 9: Looks like a deal!
add-note: 10: this article contains misinformation","like-post: 13, 30, 25,22
share-post: 16,22
comment-post: 22: Worthy checking out!
add-note: 29: this article contains misinformation"
4/21/25 19:34,67dde59c8fa2e81dc4f6a115,18-24,Female,Christianity,Black or African American,Undergraduate degree (BA/BSc/other),English,Suburban,"$70,000 - $79,999",Conservative,"I believe COVID-19 was man-made, vaccines are unsafe or ineffective, and masks don't provide meaningful protection",Relaxing by yourself,"Integrity, Compassion, Ambition","Introverted, Thoughtful","Confident, Friendly",Football.,5,"Trust, Fun, Intellectual connection",Financial stability,Graduation Ceremony,Intellectual thinking.,Pay rent.,"like-post: 2, 3, 7, 8, 9

comment-post: 1: A 27-inch screen on a microwave? Who actually needs this besides tech reviewers? Just give me one that doesn't burn my popcorn.

comment-post: 7: Does this mattress cover really help with night sweats? Looking for honest reviews from people who own it.

add-note: 10:  Fact check: Vaccines still reduce severe illness from Omicron according to CDC data. This claim is misleading.

share-post: 8

","like-post: 2, 3, 7, 8, 9

comment-post: 1: A 27-inch screen on a microwave? Who actually needs this besides tech reviewers? Just give me one that doesn't burn my popcorn.

comment-post: 7: Does this mattress cover really help with night sweats? Looking for honest reviews from people who own it.

add-note: 10:  Fact check: Vaccines still reduce severe illness from Omicron according to CDC data. This claim is misleading.

share-post: 8
"
4/21/25 19:34,67f2fbf1863f35779e34ee1f,55-64,Male,Christianity,Black or African American,Technical/community college,English,Urban,"$60,000 - $69,999",Very conservative,"I believe COVID-19 was a naturally occurring virus, vaccines are generally safe and effective, and masks help reduce transmission",Work,Community,Thoughtful,Reserved,Playing volleyball,3,"Trust, Loyalty",Personal development,My happy moments through my personal development journey,Loyalty,Give to charity,"Post_ ID 13 : 'Drinking lemon water every morning cures all types of cancer ' .      Add - note : 13 , there is no scientific evidence that lemon water cures cancer . It can support hydration and digestion but it is not a cure . Relying on this claim could be harmful . [+233 chars ]  Ignore : 13","Post _ID 22 "" A new community clean - up initiative in Mississippi collected over 5,000 kg of waste this weekend ! ""            Like -post :22     Share post : 22       Comment post , 22 , Great job Mississippi ! This is inspiring    Add note : 22 , This initiative was confirmed by multiple sources , including BBC . A good example of positive civic engagement and verified reporting [ + 198 chars ]"
4/21/25 19:34,67d9ef972bfc2e77450362b5,25-34,Male,Christianity,White or Caucasian,Graduate degree (MA/MSc/MPhil/other),English,Urban,"$80,000 - $89,999",Very conservative,"I believe COVID-19 was man-made, vaccines are unsafe or ineffective, and masks don't provide meaningful protection",Work,Integrity,"Thoughtful, Outgoing","Confident, Friendly",Soccer,2,"Trust, Loyalty",Family,Birth of my child.,Loyalty,Invest,"like-post: 1, 2, 3, 6
share-post: 7, 8, 4, 10
comment-post: 9: I needed this
add-note: 5: the article contains misinformation","like-post: 11, 12, 13,15,16, 19, 21, 22, 28
share-post: 21, 13, 24
comment-post: 29: That is so absurd.
add-note: 20: the article contains misinformation"
4/21/25 19:34,67dd5c3633b160a7ec0f92fe,45-54,Female,Christianity,White or Caucasian,Undergraduate degree (BA/BSc/other),English,Urban,"$70,000 - $79,999",Conservative,"I believe COVID-19 was a naturally occurring virus, vaccines are generally safe and effective, and masks help reduce transmission",Work,Integrity,Extroverted,Awkward,Cooking,3,"Trust, Intellectual connection",Family,My anniversary,Loyalty,I would go grocery shopping,"like-post: 1, 7, 9
share-post: 9, 7, 2
comment-post: 2: Definitely getting this.
add-note: 10: this article contains misleading information.","like-post: 11, 13, 22
share-post: 11, 13, 30
comment-post: 11: miscarriage is not something to hide because it is not something that women make happen.
add-note: 30: I love this, can't wait."
4/21/25 19:34,676d3cd4b42692059da2aed5,35-44,Male,Buddhism,White or Caucasian,High school diploma/A-levels,English,Suburban,"$30,000 - $39,999",Very conservative,"I believe COVID-19 was man-made, vaccines are unsafe or ineffective, and masks don't provide meaningful protection",Hobbies,"Integrity, Compassion, Independence, Community","Introverted, Analytical","Friendly, Reserved",Playing guitar,5,"Trust, Fun, Loyalty, Intellectual connection, Emotional connection, Shared experiences",Personal development,Addiction,Connection,Buy a new amp,Like: I thought this post was great,Share: check this out!
4/21/25 19:35,65d7dec4216af6591f2ca6dc,35-44,Male,Christianity,White or Caucasian,Undergraduate degree (BA/BSc/other),English,Suburban,"$30,000 - $39,999",Moderate,"I believe COVID-19 was man-made, vaccines are unsafe or ineffective, and masks don't provide meaningful protection",Work,Integrity,Outgoing,Reserved,Golf,5,Trust,Career growth,Birth of my daughter,Honesty,Invest,"like-post: 1, 2, 3",like post 22
4/21/25 19:35,67e8282387a710f6404aeb35,55-64,Female,Christianity,White or Caucasian,Doctorate degree (PhD/other),English,Suburban,"$70,000 - $79,999",Conservative,"I believe COVID-19 was a naturally occurring virus, vaccines are generally safe and effective, and masks help reduce transmission",Work,Integrity,Thoughtful,Reserved,Jogging ,3,"Trust, Emotional connection",Family,When I got married to the love of my life.,Humility,I will donate part of it to charity while the remaining balance I will use it for grocery shopping.,"like-post: 2, 3, 7, I will likely share the post: 2, 7, 8. I will comment on post: 1: this post sounds hilarious and unnecessary, but however I will want it. I will comment on post: 7: Sleep tech is seriously underrated and from the look of things it's a game changer. Post 10: This post spreads misinformation about COVID-19 vaccines and boosters have been shown to reduce severe outcomes, even with omicron.
I will ignore: 4, 5, 6, 9","like-post: 11, 12, 13, 14, 24, 26, 28, 30
share-post: 11, 12, 14, 24, 26, 30 
comment-post: 13: Has an educational content that's is so important to kids it will be great to see it being prioritized.
comment-post: 26: Carter's diplomacy was historic. This moment really did help shape today’s world stage.
comment-post: 30: Wallace & Gromit always hits the spot! I'm so happy to see the Netflix version. 
add-note: 20: This is misinformation. According to official Wisconsin election data, the number of votes did not exceed registered voters in 2020.
add-note: 29: False. Life insurance companies do pay out for deaths after COVID-19 vaccination. The vaccines are not classified as experimental by regulatory agencies.
ignore: 15, 16, 17, 18, 19, 21, 22, 23, 25, 27








"
4/21/25 19:35,65b6f5c6e486ad712c7c9780,18-24,Non-Binary,No Religion,White or Caucasian,High school diploma/A-levels,English,Suburban,Rather not say,Very liberal,"I believe COVID-19 was a naturally occurring virus, vaccines are generally safe and effective, and masks help reduce transmission",Hobbies,"Integrity, Compassion","Introverted, Analytical","Reserved, Awkward",Drawing,1,"Trust, Intellectual connection, Emotional connection",Personal development,When i graduated from high school,I value loyalty,Save it.,"ignore: 1,2,3,4,5,6,7,8,9,10","ignore: 11,12,13,14,15,16,17,18,19,20,21,22,23,24,25,26,27,28,29,30"
4/21/25 19:35,622a42c21de0c55ba18a2acb,55-64,Female,Spiritual but not religious,White or Caucasian,Undergraduate degree (BA/BSc/other),English,Suburban,"$80,000 - $89,999",Conservative,"I believe COVID-19 was man-made, vaccines are unsafe or ineffective, and masks don't provide meaningful protection",Relaxing by yourself,Independence,Introverted,Neutral,reading,20,"Trust, Intellectual connection",Travel,A spiritual awakening with an angel,Honesty,Put it in a slot machine,Don't interact with any of it.,Like post 20
4/21/25 19:35,67d9b1d6c1ac9cc9232f4e5b,35-44,Male,Christianity,White or Caucasian,Doctorate degree (PhD/other),English,Suburban,"$40,000 - $49,999",Liberal,"I believe COVID-19 was man-made, vaccines are unsafe or ineffective, and masks don't provide meaningful protection",Work,Integrity,Outgoing,Confident,Reading,3,"Intellectual connection, Shared experiences",Financial stability,The birth of my first child,Empathy,Donating to a charity and investing in a skill,"Like -post: 1, 2, 3, 7
Share-post: 4, 5, 6, 10
Comment-post: 8: I love Apple streaming service. The Apple TV plus is exciting and a must have.
Add-note: 5: I doubt Trump and Elon are the most dangerous people. 
","Like-post: 11, 13, 19,
share-post: 11, 20, 22, 29
Comment-post: 11: I like this too!
add-note: 12: awareness campaigns on domestic violence should promote social change."
4/21/25 19:35,67e96064e96d381fb2742cec,18-24,Male,Christianity,Black or African American,Undergraduate degree (BA/BSc/other),English,Urban,"$40,000 - $49,999",Liberal,"I believe COVID-19 was a naturally occurring virus, vaccines are generally safe and effective, and masks help reduce transmission",Spending time with family,Integrity,Extroverted,Friendly,Playing Console games,1,"Trust, Fun, Intellectual connection",Family,My wedding,Honesty,By the latest PS game,"Like-Post: 1, 2, 8
Share-Post: 128
Comment Post: 8: A good chance for many to have a taste before deicding on spending that extra Dollar!
Add-note: The article is misleading, and non-factual.","like-post: 11, 13, 24
share-post: 11, 13, 22
comment-post: 11: I can relate to this! My wife and i went through this, its the worst experience!
add-note: 24: Well deserved Gareth! My all-time favorite England manager!"
4/21/25 19:36,67f1902302b7cf99606d07b2,35-44,Male,Christianity,White or Caucasian,Undergraduate degree (BA/BSc/other),English,Urban,"$40,000 - $49,999",Liberal,"I believe COVID-19 was a naturally occurring virus, vaccines are generally safe and effective, and masks help reduce transmission",Work,Compassion,Introverted,Reserved,Reading,4,"Loyalty, Intellectual connection",Financial stability,Starting my family,"I value trustworthiness most in friends. Building strong, reliable relationships is essential to me, and having friends who are dependable and supportive helps foster a sense of mutual respect and understanding.",I would invest in resources to further my professional development,"like-post: 1, 8
share-post: 8
comment-post: 1: This is wild—screens everywhere now!
comment-post: 8: Free streaming? Count me in!
add-note: 10: Fact-check needed: Vaccines reduce severe illness from omicron; they are not useless.
ignore: 7","like-post: 11, 26
share-post: 26
comment-post: 11: Myleene Klass’s openness about miscarriage is so important for awareness.
comment-post: 26: Fascinating how Carter shaped modern US-China relations.
add-note: 20: Fact-check needed: Verified data shows no evidence of more votes than registered voters in Wisconsin.
add-note: 29: Fact-check needed: Life insurance policies do cover deaths post-vaccination; vaccines are not experimental.
ignore: 17, 27"
4/21/25 19:36,5ccedad53734bb001b27a68b,55-64,Female,Christianity,White or Caucasian,Graduate degree (MA/MSc/MPhil/other),English,Suburban,"$60,000 - $69,999",Conservative,"I believe COVID-19 was man-made, the COVID vaccines are unsafe and ineffective, and most masks don't provide meaningful protection.",Work,Family (if this can be considered a value),Outgoing,Friendly,Walking outdoors,5,"Trust, Shared experiences",Family,The birth of my children has been the most meaningful events in my life.,sincerity,I would save it or invest it.,"ignore: 1, 2, 3, 6, 7, 9
share: 4
comment-post: 10: I agree!
like: 4
add-note: 5: the article seems heavily biased","ignore: 11, 12, 14, 15, 16, 18, 19, 21, 22, 24, 25, 27, 28, 30
share: 13, 20
like-post: 13
comment-post: 20: This information should bother Wisconsin voters and require election integrity from their elected officials.
comment-post: 29: There should be an official investigation into this.
add-note:  26: President Nixon's contribution should be noted with President Carter's."
4/21/25 19:36,67ed8799d312ce968a00692b,45-54,Female,Christianity,Black or African American,Doctorate degree (PhD/other),English,Urban,"$60,000 - $69,999",Very liberal,"I believe COVID-19 was a naturally occurring virus, vaccines are generally safe and effective, and masks help reduce transmission",Work,Ambition,Outgoing,Reserved,Reading books,3,"Intellectual connection, Shared experiences",Personal development,Getting a doctoral degree,loyalty,support my family,"Like post:1,2,3,8
share -post:  5,6
comment-post:7: this is amazing
add-note:4,10: this information is biased","Like:12,15,16,19,22,23,24,25,27,28,30
share-post: 11,13,14,17,18,21,26
comment-post:29: I dislike this
add-note:20:misinformation
"
4/21/25 19:36,67d9bc26fac028fdc13b44d6,18-24,Female,Christianity,Black or African American,Technical/community college,English,Urban,"$30,000 - $39,999",Liberal,"I believe COVID-19 was a naturally occurring virus, vaccines are generally safe and effective, and masks help reduce transmission",Work,Integrity,Introverted,Reserved,Watching movies,1,"Loyalty, Intellectual connection",Career growth,My 18th birthday.,Loyalty,Buy a nice dress and shoes,"Like- post: 3,7
share- post: 1,2,8,9
Add- note: 10 The article contain misinformation
Ignore: 4,5,6","Like- post:14,24,26,28
Share- post:11,12,13,15,17,19,23,27,29
Comment- post:22 I Love this information
Ignore- post:16,18,20,21,25,30"
4/21/25 19:36,67df3cab7afcdb449190b3b7,55-64,Male,Christianity,White or Caucasian,Doctorate degree (PhD/other),English,Suburban,"$100,000 - $149,999",Conservative,"I believe COVID-19 was a naturally occurring virus, vaccines are generally safe and effective, and masks help reduce transmission",Work,"Integrity, Compassion, Ambition","Extroverted, Introverted, Thoughtful, Outgoing","Confident, Friendly, Reserved, Neutral",sport,4,"Trust, Fun, Loyalty",Family,vacation," being genuine, honest, and true to oneself",I will get something tangible for myself ,"like: 1,2,3,7,8,9
comment : 1 : A touchscreen on a microwave! That's certainly a novel idea.
share: 3
add-note : 8","like:  11, 12, 13, 14, 16, 17, 25, 26, 30
share-post: 29, 27
comment : 26 : A significant moment in history that continues to shape global dynamics.

add-note : 20 : Multiple investigations have found no evidence of widespread voter fraud in the 2020 election in Wisconsin. This claim is false."
4/21/25 19:36,67e5da8fcc0632cdb901af2b,18-24,Female,Christianity,Black or African American,Undergraduate degree (BA/BSc/other),English,Urban,"$30,000 - $39,999",Liberal,"I believe COVID-19 was man-made, vaccines are unsafe or ineffective, and masks don't provide meaningful protection",Work,Integrity,Introverted,"Friendly, Reserved",cooking,2,"Loyalty, Emotional connection",Career growth,opening my business,kindness,donate,"like all posts
share post3,4
comment posts 9,10","like all posts,
share 13,14
comment 19,20"
4/21/25 19:36,677fe1175d44d857c04a4ac3,55-64,Female,Christianity,White or Caucasian,Doctorate degree (PhD/other),English,Suburban,"$100,000 - $149,999",Conservative,"I believe COVID-19 was a naturally occurring virus, vaccines are generally safe and effective, and masks help reduce transmission",Work,Integrity,"Introverted, Thoughtful, Outgoing","Confident, Friendly, Neutral",Creative writing,3,"Trust, Loyalty",Personal development,vacation with friends and family,authenticity,spend on myself,"like: 1,2,3,7,8,9
comment : 1 : A touchscreen on a microwave! That's certainly a novel idea.
share: 3
add-note : 10","like:  11, 12, 13, 14, 16, 17, 18, 19, 21, 22, 24, 25, 26, 30
share-post: 29, 30
comment : 26 : A significant moment in history that continues to shape global dynamics.
add-note : 29 : This is incorrect. Standard life insurance policies generally do not exclude death due to vaccination. COVID-19 vaccines have been thoroughly tested and are not considered experimental."
4/21/25 19:37,67a517b3ce9ad5ca6839e028,25-34,Female,Christianity,White or Caucasian,Graduate degree (MA/MSc/MPhil/other),English,Urban,"$80,000 - $89,999",Liberal,"I believe COVID-19 was a naturally occurring virus, vaccines are generally safe and effective, and masks help reduce transmission",Work,Integrity,Introverted,Confident,reading,1,"Trust, Loyalty",Personal development,Childbirth,Loyalty,go and study,"like-post 123
share-13
comment-post: 1: while i like this new technology, maybe it should be detachable into a tab so that my kids don't roast my house","like-post:28,
share-post:28
comment-post: 29: I do not think this is fair"
4/21/25 19:37,67cc8c02dfc2f3a96280c152,45-54,Female,Christianity,White or Caucasian,Graduate degree (MA/MSc/MPhil/other),English,Suburban,"$100,000 - $149,999",Conservative,"I believe COVID-19 was a naturally occurring virus, vaccines are generally safe and effective, and masks help reduce transmission",Work,"Integrity, Compassion, Ambition","Extroverted, Introverted, Thoughtful, Outgoing","Confident, Friendly, Reserved",cooking,3,"Trust, Loyalty, Emotional connection",Family,vacation,honesty,purchase more equipment,"like: 1,2,3,7,
comment :  3 : Always interesting to see a round-up of the best tech of the year.
share: 3, 4
add-note : 10","like:  11, 12, 13, 14, 16, 17, 18, 19, 25, 26, 30
share-post: 29, 30
comment : 26 : A significant moment in history that continues to shape global dynamics.

add-note : 20 : Multiple investigations have found no evidence of widespread voter fraud in the 2020 election in Wisconsin. This claim is false."
4/21/25 19:37,67e32e6e3c45b8246a0af9fc,25-34,Female,Christianity,White or Caucasian,Graduate degree (MA/MSc/MPhil/other),English,Urban,"More than $150,000",Very conservative,"I believe COVID-19 was a naturally occurring virus, vaccines are generally safe and effective, and masks help reduce transmission",Work,Integrity,Introverted,Confident,reading books,1,Trust,Career growth,weading,respect,supprise my family,"1,2,3","1,2,3"
4/21/25 19:37,675c7d17ba2c505d67f1b97a,35-44,Female,Christian and Spiritual,Black or African American,Graduate degree (MA/MSc/MPhil/other),English,Urban,"$50,000 - $59,999",Very liberal,"I believe COVID-19 was man-made, vaccines are unsafe or ineffective, and masks don't provide meaningful protection",Spending time with family,Integrity,"Extroverted, Thoughtful, Outgoing, Analytical","Reserved, Neutral",Reading,2,"Fun, Loyalty",Financial stability,The birth of my first child,Positivity,Do something nice for my child for Spring Break.,"like-post: 2, 8, 10","like-post: 1, add-note: 29 for fact-checking"
4/21/25 19:37,6150f3191250f2a12a607e82,65-74,Female,Christianity,White or Caucasian,Undergraduate degree (BA/BSc/other),English,Suburban,"$50,000 - $59,999",Liberal,"I believe COVID-19 was a naturally occurring virus, vaccines are generally safe and effective, and masks help reduce transmission",Relaxing by yourself,Integrity,Extroverted,Reserved,reading,9,"Intellectual connection, Emotional connection",Family,birth of first child,compassion,buy myself new tennis shoes,"ignore 1, 3, 6, 7, 8, 9, 10  like 4, 5","like: 11, 13, 26   add-note: 20, 29: the post contains misinformation  ignore: 12, 14, 15, 16, 17, 18, 19, 21, 22, 23, 24, 25, 26, 27, 28, 30"
4/21/25 19:38,67e179670eb61f2cda112eaf,18-24,Female,Christianity,White or Caucasian,Undergraduate degree (BA/BSc/other),English,Suburban,"$40,000 - $49,999",Very conservative,"I believe COVID-19 was a naturally occurring virus, vaccines are generally safe and effective, and masks help reduce transmission",Work,Integrity,Extroverted,Friendly,Cooking,2,"Fun, Loyalty",Financial stability,Having my child,loyalty,Invest in crypto or trade,"like: 3,5,7
share: 4,8,9
comment: 10 misleading information
add-note: 1,2 more explanation please","like-post: 11,14,20,22
share-post: 12,13,20
comment-post: 15 rest in peace paddy hill
add-note: 29 why experiment vaccines on humans?"
4/21/25 19:38,67f03209ccb6f27a49e7903d,65-74,Female,No Religion,White or Caucasian,Doctorate degree (PhD/other),English,Urban,"$60,000 - $69,999",Very conservative,"I believe COVID-19 was man-made, vaccines are unsafe or ineffective, and masks don't provide meaningful protection",Spending time with family,Integrity,Thoughtful,Confident,Spending time with family.,2,"Trust, Loyalty",Family,Giving birth to my children.,Thoughtfulness.,Donate some and spend the rest with family.,"Like-post: 1,3, 8
Share-post 2, 9
comment-post: 9: Love this.","Like-post: 22, 24
Share-post: 27, 28, 30
Comment-post: 26: Information like this should be verified before making public."
4/21/25 19:38,62b9c2f1e55fe9f17dfedc5d,45-54,Female,Christianity,Black or African American,Undergraduate degree (BA/BSc/other),English,Rural,"$10,000 - $19,999",Moderate,"I believe COVID-19 was a naturally occurring virus, vaccines are generally safe and effective, and masks help reduce transmission",Relaxing by yourself,Integrity,Introverted,Reserved,Travel,5,Trust,Financial stability,One of the most meaningful events was the opportunity to help someone in need,I value people who have compassion for others,I would save it,"like post 2, 9",like post 22
4/21/25 19:39,67f157bce77992678f9b9f5a,45-54,Male,Spiritual but not religious,White or Caucasian,Doctorate degree (PhD/other),English,Urban,"$70,000 - $79,999",Moderate,"I believe COVID-19 was man-made, vaccines are unsafe or ineffective, and masks don't provide meaningful protection",Work,Compassion,Extroverted,Friendly,Reading ,1,"Trust, Loyalty",Family,When I got my Doctoral Degree.,Loyalty and honesty.,I would give it to charity.,"Like-post: 1, 2, 3, 5, 6, 7, 8, 9. Share-post: 2, 5, 6. Comment-post: 1: Bro… we really putting Netflix on microwaves now? Comment-post: 5: This lineup is wild. Chaos everywhere online in 2024. Comment-post: 7: Honestly might try this sleep tech. My sleep's been trash lately. Comment-post: 8: Time to binge Severance again while it's free! 🔥 Add-note: 10: This is misinformation. COVID vaccines still offer protection, including against Omicron. Boosters were updated for new variants. Ignore: 4, 10.","Like-post: 11, 12, 13, 14, 15, 18, 19, 22, 24, 26, 27, 28, 30. Share-post: 11, 12, 14, 24, 26. Comment-post: 26: Wild how one handshake decades ago shaped where we are now. Carter really changed the game with China. Add-note: 20: Nope, this one’s totally false. Wisconsin didn’t have more votes than voters in 2020—tons of fact-checks confirm that. Add-note: 29: Not true. Life insurance still pays out even if someone got the COVID shot. This rumor’s been busted plenty of times. Ignore: 16, 17, 21, 23, 25."
4/21/25 19:39,67eab991092b76c430986172,25-34,Male,Christianity,Black or African American,Doctorate degree (PhD/other),English,Urban,"$100,000 - $149,999",Conservative,"I believe COVID-19 was a naturally occurring virus, vaccines are generally safe and effective, and masks help reduce transmission",Work,"Integrity, Compassion, Ambition, Independence","Introverted, Thoughtful, Analytical","Friendly, Reserved, Neutral",running,1,"Trust, Fun, Loyalty",Personal development,One of the most meaningful events in my life was reconnecting with someone I had strong feelings for in the past. ,loyalty,I would use it to pay off a few small bills,"like-post: 1, 2, 3, 7, 8
share-post: 2, 8
1: A 27-inch display in a microwave? Unbelievable, and yet it's also great for doing multiple things at the same time.
2: This is a good price for Series 10—you should definitely consider buying one right now!
7: Technologies that help us sleep are exceptional. Good sleep =isgood life.
10: This statement is incorrect. COVID-19 vaccines and the boosters that you get after vaccination have been proved to give you protection even if the variants, such as Omicron, are the ones causing the infection. If a person gets very sick with the coronavirus, the vaccination can still serve its function pretty well

","like-post: 11, 12, 13, 14, 15, 21, 22, 24, 26, 30

share-post: 12, 14, 21, 26

comment-post: 21: It really warms your heart when you come across tributes to such great minds. Their creativity is not gone and the things they have done will serve as an inspiration to many others.
comment-post: 30: The creative Lou Wallace has a fantastic feeling of timelessness expressed in his movies and the one with the lovely dog. It would be good to have the British flavour still the same in the jokes.
add-note: 20:Wisconsin election officials have invalidated the claim. They maintain that the ballot count was not higher than the number of voters on the list according to them.
"
4/21/25 19:39,678d740cc2e4b4cd6e5a48a8,35-44,Male,Christianity,Black or African American,Graduate degree (MA/MSc/MPhil/other),English,Urban,"$70,000 - $79,999",Very liberal,"I believe COVID-19 was a naturally occurring virus, vaccines are generally safe and effective, and masks help reduce transmission",Socializing,"Integrity, Compassion, Ambition","Extroverted, Thoughtful, Outgoing","Confident, Friendly",Watching English Premier League,3,"Trust, Loyalty, Intellectual connection, Emotional connection",Financial stability,When i got saved  as a Christian,Trust ,Donate it to the needy for feeding programs,"like post: 1,8,9
share post: 1,2,9
comment post: 5 : Very true
add note: 4; Contains misinformation.","like-post: 11, 12
share-post: 20
comment-post: 28: Fully deserved.
add-note: 21; This post contains some misinformation"
4/21/25 19:40,5e40c06ac0507c307ee951eb,18-24,Male,Christianity,Hispanic or Latino,High school diploma/A-levels,"English, Spanish",Suburban,"$20,000 - $29,999",Very conservative,"I believe COVID-19 was man-made, vaccines are unsafe or ineffective, and masks don't provide meaningful protection",Exercising / working out,Compassion,Extroverted,"Reserved, Neutral, Awkward",Fishing,3,Shared experiences,Financial stability,Graduating High School probably,Energy,Put it in my checking account,"like post: 1, 2,3, 4, 8, 9
Ignore: 5, 6, 7, 10","like: 12, 14, 20, 29
ignore: the rest of them"
4/21/25 19:40,67f1865fd01a13d73235b647,35-44,Male,Christianity,White or Caucasian,Doctorate degree (PhD/other),English,Urban,"More than $150,000",Very liberal,"I believe COVID-19 was a naturally occurring virus, vaccines are generally safe and effective, and masks help reduce transmission",Work,Integrity,Introverted,Reserved,playing the piano,1,"Trust, Loyalty, Intellectual connection",Family,my graduation,genuiness,get an i phone smartwatch,misinformed,action
4/21/25 19:40,67e9c0ac4df4f1277c9a299b,45-54,Female,Christianity,Asian,Undergraduate degree (BA/BSc/other),English,Suburban,"$20,000 - $29,999",Conservative,"I believe COVID-19 was man-made, vaccines are unsafe or ineffective, and masks don't provide meaningful protection",Spending time with family,family care,Introverted,Neutral,reading ,2,"Trust, Shared experiences",Financial stability,getting married ,honesty,save to pay bills,"like-post : 3,4,7,8
share-post : 7,8
comment-post : 3,7
add-note : 8 : for those who need to watch SEVERANCE, here's your chance!","like-post : 13,17,18,19
share : 17, 18
comment-post : 21: as an avid reader, cinephile and musician  I am deeply saddened by their passing but am mostly curious to know which among our great artists have passed away. It would be a benefit to readers to get more context as to what this article is all about. Don't leave us guessing/ wondering. 
comment-post : 29 : this is an outrage! why would the government mandate every single individual to receive theses vaccines if these are just experimental!??? are we lab rats?!? Life  insurance should pay for this as long as the individual pays the premium. IS THERE A CLAUSE in the policy saying otherwise? This is not right!"
4/21/25 19:40,67f03733938aa3f0d17ce8a8,35-44,Male,Christianity,Black or African American,Undergraduate degree (BA/BSc/other),English,Urban,"$50,000 - $59,999",Very conservative,"I believe COVID-19 was a naturally occurring virus, vaccines are generally safe and effective, and masks help reduce transmission",Work,"Integrity, Compassion, Ambition",Introverted,"Confident, Friendly",Hiking,2,"Fun, Intellectual connection",Financial stability,My marriage,integrity,Donate part of the money and invest the other half ,"like-post: 1, 2, 3, 7
share-post: 2, 7, 8
comment-post: 1: A 27-inch screen on a microwave feels both ridiculous and absolutely necessary.
comment-post: 7: This sounds like a dream for hot sleepers like me. Might finally sleep through the night.
add-note: 10: This is misinformation. COVID-19 vaccines and boosters provide significant protection, including against omicron, especially against severe illness and hospitalization.
ignore-post: 4, 5, 6, 9","like-post: 11, 12, 13, 14, 15, 21, 22, 24, 26, 30
share-post: 11, 12, 14, 22, 24, 26, 30
comment-post: 11: Such strength and grace in speaking out Myleene Klass is helping so many by breaking the silence around miscarriage.
comment-post: 12: Their strength in the face of tragedy is inspiring. So glad their work is being recognized.
comment-post: 30: Wallace & Gromit forever! Can’t wait to ee what Netflix does with this new adventure 🧀🐶
add-note: 20: This is misinformation. According to official election data, the number of votes in Wisconsin in 2020 did not exceed the number of registered voters.
add-note: 29: This claim is false. Life insurane companies do cover deaths after COVID-19 vaccination. Vaccines are not classified as experimental under insurance policy terms.
ignore-post: 16, 17, 18, 19, 23, 25"
4/21/25 19:40,67b6527c2942ff8f2697ebe7,45-54,Male,Christianity,White or Caucasian,Graduate degree (MA/MSc/MPhil/other),English,Suburban,"More than $150,000",Conservative,"I believe COVID-19 was a naturally occurring virus, vaccines are generally safe and effective, and masks help reduce transmission",Work,Ambition,Outgoing,Reserved,writing,3,"Trust, Loyalty",Financial stability,having my children,honesty,buy a gift for last child,"like-post: 1,2,3
share-post:4, 6, 9
comment-post:7, 8:  Sounds like fun
add-note:10: There is no scientific backing for this
Ignore:5,  8","like-post: 11, 12, 13,
share-post:16, 18, 19, 20, 21, 24 25, 
comment-post: 13: About time: 17: Terrible news
add-note: 26: no verification
Ignore: 25, 27, 29, 14, 15"
4/21/25 19:41,606f9bca353fc36aba9ccb8b,25-34,Male,Christianity,White or Caucasian,High school diploma/A-levels,English,Suburban,"$50,000 - $59,999",Conservative,"I believe COVID-19 was man-made, vaccines are unsafe or ineffective, and masks don't provide meaningful protection",Relaxing by yourself,Integrity,Introverted,Awkward,Reading,5,"Intellectual connection, Emotional connection",Financial stability,Getting married ,Connection,Take my wife out to dinner. ,"like-post: 1, 2, 3
share-post: 2, 3
add-note: 1: the article contains misinformation",I honestly wouldn’t interact at all. 
4/21/25 19:42,66ffd457e1eecae22acf804b,25-34,Male,Christianity,White or Caucasian,Graduate degree (MA/MSc/MPhil/other),English,Suburban,"$70,000 - $79,999",Conservative,"I believe COVID-19 was man-made, vaccines are unsafe or ineffective, and masks don't provide meaningful protection",Work,Integrity,Analytical,Reserved,lifting weights,2,"Loyalty, Shared experiences",Financial stability,getting married,loyalty,invest it in the stock market,like post 2,add-note: 29: This claim is false.
4/21/25 19:42,5a6b53f3e70ca900017ab75a,75 and older,Female,Christianity,White or Caucasian,Undergraduate degree (BA/BSc/other),English,Rural,"$10,000 - $19,999",Conservative,"I believe COVID-19 was man-made, vaccines are unsafe or ineffective, and masks don't provide meaningful protection",Work,Compassion,Thoughtful,Friendly,GARDENING,22,Trust,Family,birth of my children,love,buy plants,"like post 1,2 ,6, 7, 8                                                                                                                        share post 3, 9, 10                                      
 comment post 4 People are not going to listen if they don't like what you say   Comment post 5 The internet is a place to share your opinon, after alll","Like: Post 11,  12,  14 ,   15, 16 , 17, 19, 21, 22 , 24, 25, 28, 29   30                                        
 Share Post:  13, 18, 20 , 23,  24, 27,  29                                                                            
  Comment:  17 - Exactly why I try not to fly during holidays!     Comment 20: More proof of voter fraud  Comment 29:  I had heard this before.  Unbelivable an EXPERIMENTAL vax was forced on so many people"
4/21/25 19:43,612b86da38f96808af7bb1da,55-64,Female,Christianity,White or Caucasian,Undergraduate degree (BA/BSc/other),English,Suburban,"$100,000 - $149,999",Conservative,"I believe COVID-19 was a naturally occurring virus, vaccines are generally safe and effective, and masks help reduce transmission",Work,Integrity,Extroverted,Friendly,hiking,4,Fun,Financial stability,when my husband became a paraplegic,trust,save it,ignore,ignore
4/21/25 19:43,67acacf033444654db29a196,55-64,Female,Christianity,White or Caucasian,Graduate degree (MA/MSc/MPhil/other),English,Urban,"$80,000 - $89,999",Conservative,"I believe COVID-19 was a naturally occurring virus, vaccines are generally safe and effective, and masks help reduce transmission",Work,Integrity,Thoughtful,Confident,reading,5,"Intellectual connection, Emotional connection",Family,birthday,honesty,get book,2,4
4/21/25 19:43,smgummert@yahoo.com,65-74,Male,Christianity,White or Caucasian,Undergraduate degree (BA/BSc/other),English,Urban,"$90,000 - $99,999",Conservative,"I believe COVID-19 was man-made, vaccines are unsafe or ineffective, and masks don't provide meaningful protection",Work,Integrity,Introverted,Friendly,kayaking,2,"Trust, Loyalty, Emotional connection",Personal development,Travel to Africa for a three month trip during college.  It changed my view of values and what is important.,Availability to be a freind,Invest it,"like-post 2,3,4,9",like-post:  post-id:23
4/21/25 19:43,63a3375101319bb7cb39f654,55-64,Female,Christianity,Black or African American,Secondary education (e.g. GED/GCSE),English,Urban,"Less than $10,000",Liberal,"I believe COVID-19 was man-made, vaccines are unsafe or ineffective, and masks don't provide meaningful protection",Relaxing by yourself,Independence,Introverted,Awkward,fishing,3,"Loyalty, Emotional connection",Financial stability,spending time with my grandchildren,honesty,buy plants,like,share
4/21/25 19:44,67d8b7fa2cc04185f7d10c26,18-24,Female,Christianity,Black or African American,Undergraduate degree (BA/BSc/other),English,Suburban,"$50,000 - $59,999",Liberal,"I believe COVID-19 was a naturally occurring virus, vaccines are generally safe and effective, and masks help reduce transmission",Work,"Integrity, Compassion, Ambition, Independence, Community","Extroverted, Thoughtful, Analytical","Confident, Friendly, Neutral",Dancing,2,"Trust, Loyalty",Personal development,Giving birth to my beautiful angel,Honesty,buy groceries,"Like-post: 1, 2, 7, 8
Share-post: 2, 7, 8
Comment-post: 1: A 27"" microwave screen? 2025's most unnecessary yet hilarious tech upgrade!
add-note: 10: Fact Check: COVID vaccines DO protect against severe Omicron outcomes per CDC/WHO. This post contains misinformation.
","like-post: 11, 12, 13 
share-post: 12, 13, 14
 comment-post: 11: Myleene Klass’s advocacy is truly inspiring! Breaking the stigma around miscarriage is so important. 
add-note: 15: The article contains misinformation"
4/21/25 19:44,6694251bbfc3e4a246f8125a,45-54,Female,No Religion,White or Caucasian,Graduate degree (MA/MSc/MPhil/other),English,Suburban,"$100,000 - $149,999",Very liberal,"I believe COVID-19 was a naturally occurring virus, vaccines are generally safe and effective, and masks help reduce transmission",Spending time with family,Compassion,Thoughtful,Friendly,indoor gardening,7,"Intellectual connection, Emotional connection",Financial stability,the birth of my triplets,"intelligence, kindness, compassion",buy groceries,"like-post: 1, 2, 3, 7
share-post: 2, 3, 8
comment-post: 1: Pretty wild how microwaves are turning into TVs now.
add-note: 10: This post contains misinformation. COVID-19 vaccines and boosters have been shown to reduce severe illness, hospitalization, and death, including for omicron variants, according to CDC and WHO data.
ignore-post: 4, 5, 6, 9","like-post: 1, 2, 3, 7, 8, 11, 12, 13, 14, 15, 19, 21, 22
share-post: 2, 8, 11, 12, 13, 14, 19
comment-post: 3: Love seeing a year-end roundup of the best gadgets—great way to catch up on what I missed!
comment-post: 11: Huge respect to Myleene Klass for using her platform to break the silence around miscarriage.
comment-post: 12: These women are incredible. Their strength turned tragedy into change.
comment-post: 21: Beautiful tributes. These creators gave us so much wonder and imagination.
add-note: 10: This post contains misinformation. COVID-19 vaccines and boosters remain effective at preventing severe illness and death from the omicron variant.
add-note: 20: This claim is false. In the 2020 election, Wisconsin had more registered voters than votes cast, according to official state records and independent fact-checkers.
ignore-post: 4, 5, 6, 16, 17, 18, 20"
4/21/25 19:45,56494d5b6902220012c4acb7,55-64,Female,Christianity,White or Caucasian,Undergraduate degree (BA/BSc/other),English,Rural,"Less than $10,000",Very conservative,"I believe COVID-19 was man-made, vaccines are unsafe or ineffective, and masks don't provide meaningful protection",Spending time with family,Integrity,Analytical,"Friendly, Reserved",Clearance shopping,12,"Trust, Fun, Loyalty, Intellectual connection, Emotional connection, Shared experiences",Family,"The day that I repented of my sins, asked the Lord to forgive me and save my soul.",honesty,"I would tithe, then help someone else, pay any expenses, then try to save the rest.",ignore: all,ignore: all
4/21/25 19:45,561487ad7ffc8a0012812266,25-34,Female,Christianity,White or Caucasian,Undergraduate degree (BA/BSc/other),English,Rural,"$50,000 - $59,999",Very conservative,"I believe COVID-19 was man-made, vaccines are unsafe or ineffective, and masks don't provide meaningful protection",Work,Compassion,Introverted,Reserved,Tinkering with ne technology,5,"Trust, Emotional connection",Family,The birth of my daughter,Willingness to listen and understand,Put it in the bank in savings,"like-post: 1, 2, 3, 4
share-post: 2, 4","like-post: 13, 19
share:post: 13"
4/21/25 19:45,67c8b346d88fc16b12c1b739,55-64,Male,Christianity,Black or African American,Undergraduate degree (BA/BSc/other),English,Suburban,"$70,000 - $79,999",Conservative,"I believe COVID-19 was a naturally occurring virus, vaccines are generally safe and effective, and masks help reduce transmission",Work,Community,Extroverted,Neutral,"Swimming, hang out",2,"Loyalty, Shared experiences",Family,family get together,Loyalty,Give to charity,"Like-post: 1,2, 10
Share-post 1,2,10
Comment-post:10
Add-note: 10. The content is true","Like-post: 19,24,26
Share-post: 19,24.26
Comment-post: The police did a good job
Add-note: Not so sure about this article"
4/21/25 19:46,67eaa46b7bb6cbefdcbde74c,45-54,Female,Christianity,White or Caucasian,Doctorate degree (PhD/other),English,Urban,"$90,000 - $99,999",Very conservative,"I believe COVID-19 was a naturally occurring virus, vaccines are generally safe and effective, and masks help reduce transmission",Work,"Integrity, Compassion, Ambition, Independence, Community","Extroverted, Thoughtful, Outgoing, Analytical","Confident, Friendly, Neutral",cycling,2,"Trust, Fun, Loyalty, Intellectual connection, Emotional connection, Shared experiences",Personal development,"My discovery about authentic living stands as the most critical event because it taught me its value. The path to understanding that my personal happiness together with my purpose and wellbeing hold the greatest significance in life finally became clear to me after spending much time on catering to external expectations. By adapting this mindset I made myself focus on activities which really make me happy during my future reflections. My understanding of authentic living directs my approach to building relationships while defining both my professional goals and ways to prioritize my wellness and leads me toward building focused habits.
",Honesty stands at the top of all traits I seek in my friends. Trust is what establishes genuine connections between people. My trust in friend open and natural communication with me creates an essential connection. Openness in this environment enables us to expose ourselves vulnerably while sharing our joys and hardships in true mutual support with honesty.,donate to charity,"like-post: 2, 3, 7
share-post: 2, 7, 8
comment-post: 1: That microwave screen better stream Netflix or it's a missed opportunity
comment-post: 7: Honestly might need this—my sleep has been trash lately
add-note: 10: This post spreads misinformation. Health agencies confirm vaccines still provide protection against severe illness from Omicron
ignore-post: 4, 5, 6","like-post: 11, 12, 14, 15, 19, 24, 25, 26, 30
share-post: 11, 14, 24, 26
comment-post: 11: Speaking openly about miscarriage helps break the silence. Respect to Klass for her advocacy and courage.
comment-post: 14: Inspiring that these campaigners are still pushing for justice. Honors well-deserved.
comment-post: 26: Carter’s China diplomacy really did shift global history. A pivotal moment often overlooked.
comment-post: 30: Wallace & Gromit never fails! Curious how Netflix handled that quirky UK lingo.
add-note: 20: This claim has been debunked. According to Wisconsin Elections Commission, registered voters exceeded ballots cast in 2020.
add-note: 29: This is false. Life insurance policies do not exclude coverage due to COVID-19 vaccination. Official statements from insurers clarify this."
4/21/25 19:47,558f226dfdf99b6ebd36218a,45-54,Male,No Religion,White or Caucasian,Graduate degree (MA/MSc/MPhil/other),English,Suburban,"$80,000 - $89,999",Conservative,"I believe COVID-19 was man-made, vaccines are unsafe or ineffective, and masks don't provide meaningful protection",Work,Independence,Introverted,Reserved,Running,"Question not specific enough: Cities (4), apartments/houses (10)","Trust, Loyalty",Financial stability,Graduating with Masters Degree,Reliability,Savings,like-post: 10,"comment-post 29: wouldn't be surprised if this were true. Don't believe it is, but wouldn't surprise me."
4/21/25 19:47,66821bd8c0252a33b4c4390f,45-54,Male,Christianity,White or Caucasian,Graduate degree (MA/MSc/MPhil/other),English,Suburban,"More than $150,000",Very conservative,"I believe COVID-19 was man-made, vaccines are unsafe or ineffective, and masks don't provide meaningful protection",Work,Compassion,Thoughtful,"Confident, Friendly",Watching Sports,3,"Trust, Loyalty",Financial stability,The birth of all my children,Loyalty,Save it,"like-post: 1, 2, 3, 7, 8, 9
share-post: 7, 8, 9
comment-post: 4: They did have a tough time that year!
comment-post: 5: This past year has been great to be a social media reader!
comment-post: 6: Saturday Night Live just isn't funny anymore.","like-post: 11, 12, 14, 22, 24, 26
share-post: 15, 17, 21, 28
comment-post: 29: COVID saw us all experience so much sickness and death.
comment-post: 30: Wallace and Grommit has been entertaining for such a long time!"
4/21/25 19:48,678e6eb7170e3a5da7c4ab91,65-74,Female,Christianity,White or Caucasian,High school diploma/A-levels,English,Urban,"$20,000 - $29,999",Conservative,"I believe COVID-19 was a naturally occurring virus, vaccines are generally safe and effective, and masks help reduce transmission",Work,Integrity,"Introverted, Thoughtful",Reserved,reading novel,1,"Trust, Loyalty",Financial stability,giving birth to my children,supportiveness,Grocery shopping,"add-note: 10: ""This claim contradicts CDC/WHO guidance. Studies shows that COVID-19 vaccines reduce severe illness/hospitalization from Omicron, even if less effective at preventing infection. Always consult public health sources.""
like-post: 1,2,7,8,9
share-post: 2,8,9
add-note: 4: ""The cited study from People First and Infegy should be scrutinized for methodology. Political engagement metrics can vary widely based on platform and audience demographics.""
comment: 10: ""Please verify health claims with trusted sources like the CDC. Vaccines remain critical for public safety.""","like-post: 11, 14 , 15, 16, 17, 18, 19, 22, 24, 25, 27, 28, 30
share-post: 22. 24,28,30
comment: 20: ""Always check election claims with non-partisan sources like @wisconsinelections. Misinformation undermines trust in democratic process."""
4/21/25 19:50,677c4503a1918a39cb7b88dd,45-54,Male,Christianity,Black or African American,Undergraduate degree (BA/BSc/other),English,Suburban,"More than $150,000",Liberal,"I believe COVID-19 was man-made, vaccines are unsafe or ineffective, and masks don't provide meaningful protection",Work,Compassion,Extroverted,Friendly,Playing golf,3,"Fun, Loyalty",Family,Marrying my spouse.,Loyalty,I would save it.,"
share-post:5, 6, 
like-post: 2
comment-post: 5: Arrest them now!

","share-post: 11, 20
"
4/21/25 19:50,612c365b952c2a5244a9bee6,25-34,Female,Christianity,Black and Native American,Undergraduate degree (BA/BSc/other),English,Suburban,"More than $150,000",Very liberal,"I believe COVID-19 was man-made, vaccines are unsafe or ineffective, and masks don't provide meaningful protection",Relaxing by yourself,"Integrity, Compassion, Community","Introverted, Thoughtful, Outgoing, Analytical","Friendly, Reserved, Neutral, Awkward",video games,5,"Trust, Emotional connection",Financial stability,I graduated from college despite severe mental health issues.,Honesty,Put it in my savings toward a trip I'm going on.,"comment-post: 1: this is insane. Please just warp us back to the '90s and make blockbuster a thing again

like-post: 7, 8","comment-post: 13: They're already harassing everyone about Youtube TV so why not give Ms. Rachel a dedicated channel in the process?

comment-post: 29: an ""experimental"" thing forced upon us. Insurance is a scam.

like-post: 26"
4/21/25 19:51,5ec62902bb44c16b842128f9,35-44,Male,Christianity,White or Caucasian,Undergraduate degree (BA/BSc/other),English,Suburban,"$50,000 - $59,999",Conservative,"I believe COVID-19 was man-made, vaccines are unsafe or ineffective, and masks don't provide meaningful protection",Hobbies,"Ambition, Independence","Introverted, Thoughtful",Neutral,Swimming,5,"Loyalty, Emotional connection",Personal development,Graduating college,Honesty,Eat a nice dinner,"like-post:1,3,7
share-post:3","like-post:11,15,18,21
share-post:11,18
add-note: 21: possible misinformation"
4/21/25 19:52,6722791fac231101f4a89c8d,45-54,Female,Christianity,White or Caucasian,Technical/community college,English,Rural,"$100,000 - $149,999",Conservative,"I believe COVID-19 was man-made, vaccines are unsafe or ineffective, and masks don't provide meaningful protection",Work,Compassion,Thoughtful,Friendly,gardening,3,Loyalty,Family,My children ,honesty,Donate to charity,"Like-post 8, 9, 10
Share-post 10
Comment -post:10 so very true 
Add-note:5, not true","Action -like post, I2, 13
Share post, 12. 13
Comment post 12, loved this 
Add note, 21, unverified not true "
4/21/25 19:52,612c6bd26f5f81c5765989d9,25-34,Male,Christianity,American Indian or Alaska Native,Secondary education (e.g. GED/GCSE),English,Urban,"Less than $10,000",Conservative,"I believe COVID-19 was man-made, vaccines are unsafe or ineffective, and masks don't provide meaningful protection",Relaxing by yourself,Integrity,"Introverted, Humorous","Friendly, Reserved",Playing Call of Duty: Black Ops 6 zombies mode,1,"Trust, Loyalty",Financial stability,Getting my General Education Diploma,Honor,Buy a Elgato Wave XLR - XLR to USB Audio Interface.,"- ignore: 1, 2, 3, 4, 5, 6, 7, 8, 9, 
like-post: 10","- ignore: 11, 12, 13, 14, 15, 16, 17, 18, 19, 21, 22, 24, 25, 26, 27, 28, 29, 30
like-post: 20, 23"
4/21/25 19:53,58adfc6e7cf56d0001f931a2,25-34,Male,Christianity,Black or African American,Undergraduate degree (BA/BSc/other),English,Urban,"$50,000 - $59,999",Very liberal,"I believe COVID-19 was a naturally occurring virus, vaccines are generally safe and effective, and masks help reduce transmission",Work,Integrity,Eh.,Reserved,Coding,2,Fun,Career growth,Graduatling,honesty,Save it.,"like-post: 1, 2, 7","like-post: 19, 27, 22
share-post:  19
comment-post: 14: in what way?
comment-post: 22: I do like Seagate tech. They are awesome.
"
4/21/25 19:56,67a8d4209cbe02ab001f208a,35-44,Male,Christianity,White or Caucasian,Graduate degree (MA/MSc/MPhil/other),English,Urban,"$100,000 - $149,999",Very liberal,"I believe COVID-19 was man-made, vaccines are unsafe or ineffective, and masks don't provide meaningful protection",Work,Ambition,"Thoughtful, Analytical","Confident, Friendly, Reserved",Watching movies,3,"Fun, Intellectual connection",Financial stability,One of the most meaningful events in my life was when I found out that I was hired from my current company,I value fun a lot,I would invest into a side hustle to generate more income from $100,"like-post: 3, 4, 10
share-post: 3, 5, 10
comment-post: 3: engaging post
add-note: 5: engaging article","like-post: 19, 27, 29
share-post: 21, 26, 30
comment-post: 21: unverified news source
add-note: 27: the article is comprehensive"
4/21/25 19:58,673d14561ba68f9e67eeb728,25-34,Male,Christianity,White or Caucasian,Undergraduate degree (BA/BSc/other),English,Urban,"$100,000 - $149,999",Conservative,"I believe COVID-19 was man-made, vaccines are unsafe or ineffective, and masks don't provide meaningful protection",Work,Integrity,Outgoing,Friendly,Watching Sports,4,"Trust, Loyalty",Career growth,When my daughter was born,Loyalty,Invest it,"like-post: 2, 5, 9, 7, 6
share-post: 
Ignore: 1, 3, 4, 8, 10
comment-post:","like-post:11, 12, 13, 14, 18, 19, 20, 23, 24, 25, 26, 27, 28,
share-post: 
Ignore: 15, 16, 17, 21, 22, 29, 30
comment-post:"
4/21/25 19:59,66334e44f0f01a69e961ee4f,35-44,Female,Christianity,White or Caucasian,High school diploma/A-levels,English,Suburban,"$30,000 - $39,999",Conservative,"I believe COVID-19 was a real virus, however I believe the vaccines were unsafe. The vaccines causes a lof of healthy people to die, and also it was a sort of population control tactic. ",Spending time with family,Compassion,"Introverted, Thoughtful","Friendly, Warm and inviting",Hiking,4,"Trust, Shared experiences",Financial stability,"My most meaningful events in life, are the birth of my two children. Having my son and daughter has changed my life in many ways. They are both such special people, and I am so thankful I get to enjoy my life with them in it. ","A good listening ear. I find most people want to talk my ear off, but have no desire to hear what I have to say. Knowing this person is really there for me, would be a game changer. ","I would buy Olive Garden for my family for dinner this week. We love Olive Garden, and it would give us a chance to enjoy a nice meal together.","like-post: 1, 2, 3, 7
share-post: 2, 3, 8 
comment-post: 2: I have been waiting for it to go on sale! So excited!
add-note: 10: this article contains misinformation","like-post: 11, 12, 13, 15, 19, 23, 26, 29, 30
share-post: 12, 13, 29
comment-post: 13: I love this, because when my kids were younger, there were many dubbed videos on YouTube with inappropriate content. 
comment-post: 20: I looked this one up immediately, and it is definitely false!
comment-post: 23: Nobody should be betting on Luigi, in any capacity. I am glad they are shutting down these gambling sites. It is disgusting it is even happening- if we are being honest. 
comment-post: 29: I hope this isn't true, because it sounds awful for the families. 
comment-post: 30: We love Wallace & Gromit! So excited!
add-note: 20: This article is false, and contains misinformation. I checked, and it is not true!
add-note: 29: This article is false, and contains misinformation. I checked, and it is not true!"
4/21/25 19:59,64ee18fad7ff63875d973306,35-44,Female,No Religion,Black or African American,High school diploma/A-levels,English,Urban,"Less than $10,000",Moderate,"I believe COVID-19 was man-made, vaccines are unsafe or ineffective, and masks don't provide meaningful protection",Hobbies,Ambition,Thoughtful,Reserved,Browsing the news and current stories,2,"Trust, Loyalty",Personal development,When I was born. ,Accountability,Invest it,"Like post - none
Share post - none
comment - none
notes - none","like post - none
share post - none
comment post - none
notes - none"
4/21/25 20:00,595bee9282be5500017ad683,65-74,Male,Buddhism,White or Caucasian,Doctorate degree (PhD/other),English,Urban,"$40,000 - $49,999",Socialist,"I believe COVID-19 was man-made, vaccines are unsafe or ineffective, and masks don't provide meaningful protection",Work,Justice,Thoughtful,Reserved,Reading,5,Loyalty,Financial stability,My doctoral studies,Respect,Pay off my credit card debt,"comment-post 1,2,3: I'm not really interested in technology news. add-note post 4-5 political notes from a Democratic Party perspective. share post 6, cute hippo videoes, harmless. ignore post 7,8, more technology news. ignore post 9, stock market suggestion, is there anything more dangerous? share post 10, amother take down of the Covid response and virus. Never get enough of it.","share-post 11: Klass has become a Member of the British Empire for her work on women recovering from miscarriage. A worthy honor, a worthy woman to receive it. share post 12, another good female-centric cause, support for women who have been murdered by ex-partners. Needs to have more light shed on this horrible problem. like post-13, advice from the government is never welcomed in our market fundamentalist society, but a simple request to improve children's programming on the internet is worth making. comment post 14, an Oder of the British Empire for sub-postmaster, please! Ignore. Share-note post 15: spead the news about this miscarriage of justice in Birmingham, England in the 1970. Comment--post 16: Cricket news. Americans ignore. Share-post 17: Useful news about problems at Gatwick Airport in London. Always useful. Add-note post 18: Cliff collapsing on English coast. Once agains, Americans ignore. Comment post 19: California trailer burning. If you live in CA, stay aware. Share post 20: Evidence of fraud in Wisconsin in the 2020 election. No one should be surprised. Share post 21: For lovers of sci-fi and fantasy literature, a tribute to important authors, always a worthwhile activity. Share post-22: If you need an external hard drive, here's some news about a new product for you. Add-note 23: Why would anyone try to control websites betting on Luigi Mangioni's legal destiny. Government overreach. Ignore post 24: Honoring politicians news. I personally could not be less interested. "
4/21/25 20:02,6595d5e0e40533319c0188c2,25-34,Female,Buddhism,Asian,Undergraduate degree (BA/BSc/other),"Mandarin Chinese, Cantanese Chinese",Urban,"$60,000 - $69,999",Moderate,"I believe COVID-19 was a naturally occurring virus, vaccines are generally safe and effective, and masks help reduce transmission",Work,"Integrity, Compassion, Ambition, Independence, Community","Extroverted, Introverted, Thoughtful","Friendly, Neutral",Reading novels,2,"Loyalty, Emotional connection",Financial stability,"One of the most meaningful events in my life is moving to a new country for the first time, embracing a new culture, and overcoming the challenges of adapting while staying connected to my roots. This could be a turning point in terms of personal growth, expanding my worldview, and building a future for myself and my family.",I value most in friends would be loyalty.,"I might use it to treat myself to something special, like a nice meal at a restaurant or a small shopping spree for something I’ve wanted, such as skincare products or a new book. Alternatively, I might choose to save it for a future experience or investment in self-improvement, like taking an online course or learning a new skill.","like-post: 1, 2, 7
share-post: 8, 9
comment-post: 3: Exciting gadgets in 2024! Can’t wait to see what comes next year.
add-note: 10: This post contains misinformation. COVID-19 vaccines and boosters remain effective against the Omicron variant. Please verify such claims with credible sources.
ignore: 4","like-post: 11, 12, 26
share-post: 13, 15, 27
comment-post: 26: The impact of Jimmy Carter's diplomacy on US-China relations is fascinating!
add-note: 29: This post contains misinformation. Life insurance policies do not have blanket exclusions for COVID-19 vaccines. It's important to verify such claims with credible sources.
ignore: 20"
4/21/25 20:02,5a6e8532e6cc4a0001b6d728,35-44,Female,Christianity,White or Caucasian,Graduate degree (MA/MSc/MPhil/other),English,Suburban,"$90,000 - $99,999",Very conservative,"I believe COVID-19 was man-made, vaccines are unsafe or ineffective, and masks don't provide meaningful protection",Work,"Integrity, Community",Thoughtful,Awkward,Reading,3,"Trust, Emotional connection",Personal development,Getting Married,Trust,Get a nice dinner with my husband,share-post. 10,"like-post. 25, 29"
4/21/25 20:05,63b6be87ead45e4fa772fbf5,35-44,Female,No Religion,White or Caucasian,Technical/community college,English,Urban,"$30,000 - $39,999",Conservative,"I believe COVID-19 was man-made, vaccines are unsafe or ineffective, and masks don't provide meaningful protection",Spending time with family,Compassion,"Extroverted, Thoughtful, Outgoing","Confident, Friendly",hiking,5,"Trust, Emotional connection, Shared experiences",Personal development,Giving birth to my daughter,truthfulness,put it in my savings account,like-post: 10,like-post: 19
4/21/25 20:05,5f828a47a08cb43c715fe3a2,35-44,Male,Christianity,White or Caucasian,Graduate degree (MA/MSc/MPhil/other),English,Suburban,"More than $150,000",Conservative,"I believe COVID-19 was man-made, vaccines are unsafe or ineffective, and masks don't provide meaningful protection",Work,"Integrity, Compassion, Ambition, Independence, Community","Extroverted, Thoughtful, Outgoing","Friendly, Reserved",Reading,3,"Trust, Fun, Emotional connection",Family,Living in China,Loyalty,Save it,like-post: 4 Share-post: 4,like-post: None share-post: none
4/21/25 20:09,6682f7019ea9bcdd2e3f1394,25-34,Genderfluid,No Religion,White or Caucasian,High school diploma/A-levels,English,Rural,"Less than $10,000",Liberal,"I believe COVID-19 was a naturally occurring virus, vaccines are generally safe and effective, and masks help reduce transmission",Work and school,Compassion,Extroverted,Awkward,Gaming,5,"Fun, Shared experiences",Financial stability,Getting a promotion to management at a former job,Acceptance,I would buy groceries with it,"share-post: 5, 6, 9
ignore-post: 2, 3, 4, 7, 8
add-note: 1: the article contains misinformation, 10: the article is missing evidence and could be misinformation","like-post: 12, 21
share-post: 11, 15, 19
add-note: 20: the article contains misinformation
ignore: 13, 14, 16, 17, 18, 22, 23, 24, 25, 26, 27, 28, 29, 30"
4/21/25 20:10,663176c4d9c9b4d919f7b79e,35-44,Female,No Religion,Hispanic or Latino,Graduate degree (MA/MSc/MPhil/other),English,Urban,"More than $150,000",Moderate,"I believe COVID-19 was man-made, vaccines are unsafe or ineffective, and masks don't provide meaningful protection",Work,Independence,Outgoing,Reserved,travel,6,Fun,Family,giving birth to my 3 children,loyalty,save it,"like-post: 1,2,3,7,8,9; share-post: 1,2,3,7,8,9; Add-note: 5: misinformation; ignore: 4,6,10","like: 11,12,19,22 ; share: 11,12,19,22; add note: 3: misinformation : ignore: 13,14,15,16,17,18,20,21,23,24,25,26,27,28,29,30"
4/21/25 20:10,66c3366a3b5834b89124e85a,45-54,Female,Christianity,White or Caucasian,High school diploma/A-levels,English,Suburban,"$20,000 - $29,999",Conservative,"I believe COVID-19 was man-made, vaccines are unsafe or ineffective, and masks don't provide meaningful protection",Spending time with family,"Integrity, Compassion, Ambition, Independence",Introverted,"Friendly, Reserved",campinh,2,"Trust, Fun, Loyalty, Intellectual connection, Emotional connection",Financial stability,having my children,trust,grocery shop,"post id 10 like 
comment post 10 ""facts""",like post 26
4/21/25 20:10,67abc93046ee894d0a8fba3b,25-34,Female,Christianity,White or Caucasian,Undergraduate degree (BA/BSc/other),English,Urban,"$40,000 - $49,999",Very conservative,"I believe COVID-19 was man-made, vaccines are unsafe or ineffective, and masks don't provide meaningful protection",Spending time with family,Integrity,Thoughtful,Reserved,Reading,3,"Fun, Emotional connection",Family,Giving birth,Honesty,Pay towards current bills,"like-post: 1, 2, 3, 7, 8, 9
share-post: 10
comment-post: none
add-note: misinformation on 5","like-post: 12, 13, 23
share-post: 11, 12, 20, 29
comment-post: 20: Look at this!
add-note: helpful comments on 30"
4/21/25 20:11,66a926551ab3748f5d5348aa,45-54,Female,Christianity,White or Caucasian,Technical/community college,English,Suburban,"Less than $10,000",Conservative,"I believe COVID-19 was man-made, vaccines are unsafe or ineffective, and masks don't provide meaningful protection",Relaxing by yourself,"Integrity, Compassion, Independence","Extroverted, Thoughtful, Analytical","Friendly, Reserved, Awkward",Reading ,13,"Trust, Loyalty, Intellectual connection, Emotional connection",Financial stability,Giving birth to and raising my son whom is an adult now.,Their ability to be themselves with me at all times.,Save it for a rainy day or put in the bank/savings account.,"like-post: 1,2,3,4,6,7,8,9,10 share-post: 1,4,7,8,9,10 comment-post: 5: LOL! Elon Musk & Donald Trump are hardly the Most Dangerous people of 2024 on the Internet, smh! add-note: none, ignore: none 
","like-post:  11,12,13,14,15,17,18,19,20,21,22,23,24,25,26,27,28,29,30   share-post: 11,12,13,14.15,17,18,19,20,21,22,23,24,25,26,27,28,29,30 comment-post: none add-note: none ignore: 16   "
4/21/25 20:12,64bbf16db125b5d6a2f3a911,65-74,Male,Spiritual but not religious,White or Caucasian,Secondary education (e.g. GED/GCSE),English,Rural,"Less than $10,000",Conservative,"I believe COVID-19 was man-made, vaccines are unsafe or ineffective, and masks don't provide meaningful protection",Hobbies,Independence,Thoughtful,Friendly,computer programming,more than 10,"Trust, Intellectual connection",Personal development,The time I almost died in an auto accident. It changed my perspective on most things.,a good conversationalist,Take a fried out to dinner.,"like-post: 7, 9
ignore-post:1, 2, 3, 4, 5, 6, 8, 10","like-post: 22, 30
ignore-post: 11, 12, 13, 14,15, 16, 17, 18, 19, 20, 21, 23, 24, 25, 26, 27, 28, 29"
4/21/25 20:12,6660e87571cd35e3fdd8a0f9,35-44,Male,Christianity,White or Caucasian,High school diploma/A-levels,English,Rural,"$60,000 - $69,999",Very conservative,"I believe COVID-19 was man-made, vaccines are unsafe or ineffective, and masks don't provide meaningful protection",Work,Independence,Outgoing,Awkward,3d printing,5,"Loyalty, Intellectual connection",Personal development,Caring for dying family members,Loyalty,Save it,"like-post: 4, 10","comment-post: 23: I love that this is a thing.
like-post: 23, 29"
4/21/25 20:12,62cd43d66c2dd7ae9ab53ae7,35-44,Male,Christianity,White or Caucasian,Undergraduate degree (BA/BSc/other),English,Urban,"$50,000 - $59,999",Conservative,"I believe COVID-19 was man-made, vaccines are unsafe or ineffective, and masks don't provide meaningful protection",Work,Integrity,Outgoing,"Confident, Friendly",Offroading,5,"Trust, Fun",Financial stability,My first real career job,Loyalty and giving it to me straight,save it,"like-post: 4,10","like-post: 11,13,19,
comment-post: 20:This can't be right...
comment-post: 30: I could never get into this style of animation... and his voice..."
4/21/25 20:12,654455ad0b76675379c66db4,35-44,Female,Christianity,Black or African American,Undergraduate degree (BA/BSc/other),English,Urban,"$50,000 - $59,999",Liberal,"I believe COVID-19 was man-made, vaccines are unsafe or ineffective, and masks don't provide meaningful protection",Work,"Compassion, Ambition, Independence",Introverted,"Confident, Friendly, Reserved",swimming,2,"Trust, Fun",Personal development,when i got my car,loyalty,save ,"like-post: 1, 2, 3, 8
share-post: 2, 3, 48,9
comment-post: 3: I love this too!, 8 9
add-note: 4: the article contains misinformation","Example response:
like-post: 1, 2, 3, 7, 8, 5, 9,22,29,24,22
share-post: 2, 3, 4,8, 9,27,2,25
comment-post: 3: I love this too!,6, 7,9,21,24
add-note: 21, the article contains misinformation"
4/21/25 20:13,6699501689977d23b04ce0b0,35-44,Female,Christianity,White or Caucasian,High school diploma/A-levels,English,Suburban,"Less than $10,000",Conservative,"I believe COVID-19 was man-made, vaccines are unsafe or ineffective, and masks don't provide meaningful protection",Spending time with family,Integrity,Introverted,Reserved,my pets,2,"Trust, Shared experiences",Financial stability,Having my daughter,trustworthy,use towards bills,"like-post: 2,7,8
share-post: 7, 8
ignore-post: 4","comment-post: 18: scary!
comment-post: 29: If true, that's awful!
like-post:19, 20, 23"
4/21/25 20:14,67ad581c7825ebbd7a5365e0,35-44,Female,Christianity,White or Caucasian,Undergraduate degree (BA/BSc/other),English,Rural,"$90,000 - $99,999",Conservative,"I believe COVID-19 was man-made, vaccines are unsafe or ineffective, and masks don't provide meaningful protection",Spending time with family,Integrity,Thoughtful,Reserved,gardening,3,"Trust, Loyalty",Financial stability,my children,loyalty,pay a bill,"like post 2,7-10 ignore 1, 3, 4, 5, 6 ","like 11-20, 22-30  ignore 21"
4/21/25 20:17,669eae1ac912c49d5b16c61f,25-34,Female,Christianity,White or Caucasian,High school diploma/A-levels,English,Urban,"Less than $10,000",Libertarian,"I'm not sure whether covid was naturally occurring or not. I tend to think that there was man made influence, and I don't necessarily think masks are all that effective at preventing transmission of diseases. However, I do believe vaccines are generally safe and effective and that people should be vaccinated, but it's a personal choice for everyone. ",Homemaking,"Integrity, Compassion","Thoughtful, Analytical","Friendly, Reserved, Awkward",Reading,"I've moved around a decent amount in my adult life, but the states I've lived in are Utah (home state), WA State, and Georgia (current state.)","Trust, Loyalty, Emotional connection, Shared experiences, Someone who really understands and validates me",Financial stability,Marrying my husband,Reliability,Go out with my husband. We don't have a lot of spending money right now :( ,Gasp emoji-post: 1 scroll past-post: 2-10,"like-post: 26, 23, 19, 18, 12, 11
comment-post: 11: sorry you're going through this. I've experienced my own miscarriages. 
scroll past the rest"
4/21/25 20:17,66ca1f98117343c0b3e0b098,45-54,Female,Christianity,White or Caucasian,Technical/community college,English,Suburban,"$50,000 - $59,999",Very conservative,"I believe COVID-19 was man-made, vaccines are unsafe or ineffective, and masks don't provide meaningful protection",Work,Integrity,Extroverted,Reserved,Traveling,5,"Loyalty, Shared experiences",Financial stability,When I had my children,Loyalty,Pay a bill,"article contains misinformation: 5, Like post-7, 10"," Like post: 12, 18, 19,   share-post: 20,29"
4/21/25 20:26,67f395c8e03972cb930993eb,45-54,Female,Christianity,Black or African American,Graduate degree (MA/MSc/MPhil/other),English,Urban,"$40,000 - $49,999",Liberal,"I believe COVID-19 was man-made, vaccines are unsafe or ineffective, and masks don't provide meaningful protection",Work,"Integrity, Ambition",Introverted,"Confident, Friendly",movies,1,"Trust, Loyalty",Career growth,getting my first car,loyalty,invest it,"like-post: 1, 2, 3,5,6,7,8,9,10
share-post: 2, 3,,6,7,9,10
comment-post: 3: I love this too!
add-note: 4,5 the article contains misinformation","like-post: 11, 21, 13,16,18,19,20,29
share-post: 21, 13, 14,27,28,28
comment-post: 23: I love this too!
ignore: 12: the article contains misinformation"
4/21/25 20:30,67e1e7ee146e905b3d4b0ad3,45-54,Male,No Religion,Black or African American,Undergraduate degree (BA/BSc/other),English,Urban,"$100,000 - $149,999",Conservative,"I believe COVID-19 was a naturally occurring virus, vaccines are generally safe and effective, and masks help reduce transmission",Work,Integrity,Thoughtful,Reserved,Healthy and fitness,1,"Trust, Loyalty",Career growth,Getting a car,They are charming and considerate,save it,"like and share post 1,2,3,8
like  post 4,5,6
comment on post 10
ignore post 9
share post 7","comment on post 11,12
ignore  post 13,22,21
share post 14,15,17,18,19,20,23,24,26,27,29,30
like 16,25,28"
4/21/25 20:30,67ef6e8e9bfc15c060497365,45-54,Male,Christianity,White or Caucasian,Graduate degree (MA/MSc/MPhil/other),English,Urban,"$100,000 - $149,999",Very conservative,"I believe COVID-19 was a naturally occurring virus, vaccines are generally safe and effective, and masks help reduce transmission",Work,"Integrity, Compassion, Independence, Community",Extroverted,"Confident, Reserved",Snowballing,3,"Trust, Loyalty, Intellectual connection, Emotional connection, Shared experiences",Family,When I got married to my wife,1. Trustworthiness 2. Empathy 3. Sense of humor 4. Loyalty 5. Supportiveness,Spend it with my family at game arcade,"Add-note: 10: This claim is false. COVID-19 vaccines and boosters have been shown to provide protection against severe illness and hospitalization from the omicron variant, even if they don't prevent all infections.

like-post: 2, 7, 8

share-post: 2, 8

comment-post: 1: ""A 27-inch touchscreen on a microwave? That's... interesting!""","add-note: 20: This claim about Wisconsin having more votes than registered voters in the 2020 election is false. According to official records, there were no widespread irregularities that would support this claim.

add-note: 29: Life insurance policies typically do cover deaths related to COVID-19 vaccinations. There's no evidence to support the claim that these vaccines are excluded due to being experimental.

like-post: 11, 12, 14, 16, 19, 22, 24, 26, 28, 30

share-post: 16, 22

comment-post: 26: ""Fascinating insight into US-China relations!""

comment-post: 30: ""Can't wait for the new Wallace & Gromit movie!""

rate-note: 26: The community note ""It's important to approach historical claims with verification from credible sources before drawing conclusions."" is rated Helpful."
4/21/25 20:31,5ec5a42a646f515ef0e3f68b,25-34,Female,Spiritual but not religious,Asian,Undergraduate degree (BA/BSc/other),English,Urban,"$90,000 - $99,999",Liberal,"I believe COVID-19 was a naturally occurring virus, vaccines are generally safe and effective, and masks help reduce transmission",Relaxing by yourself,Independence,"Extroverted, Thoughtful","Confident, Friendly, Neutral",traveling,5,"Emotional connection, Shared experiences",Financial stability,I lived abroad for several months which changed how I saw the world and made me want to travel more.,"Reciprocation, someone who puts in as much effort as I do.",I would likely spend it on travel like plane tickets.,"like-post: 9, 8, 7 
share-post: 6
add-note: 10: the article contains misinformation","like-post: 11,30 
add-note: 29, 20: post contains misinformation "
4/21/25 20:33,67f5828f366e42610fa78fd7,25-34,Female,Christianity,White or Caucasian,Graduate degree (MA/MSc/MPhil/other),English,Urban,"$30,000 - $39,999",Liberal,"I believe COVID-19 was man-made, vaccines are unsafe or ineffective, and masks don't provide meaningful protection",Work,"Integrity, Compassion",Introverted,"Confident, Friendly, Reserved",swimming,2,"Trust, Fun",Career growth,when i met my lover,loyalty,invest,"like-post: 1, 2, 3,5,6,7,8,9,10
share-post: 2, 3,,6,7,9,10
comment-post: 3: I love this too!
add-note: 4,5 the article contains misinformation","like-post: 11, 21, 13,16,18,19,20,29
share-post: 21, 13, 14,27,28,28,29
comment-post: 23: I love this too!
ignore: 12: the article contains misinformation"
4/21/25 20:53,67ba31945ce2bf5140ff9275,55-64,Female,Christianity,White or Caucasian,Undergraduate degree (BA/BSc/other),English,Suburban,"$40,000 - $49,999",Conservative,"I believe COVID-19 was man-made, vaccines are unsafe or ineffective, and masks don't provide meaningful protection",Work,Compassion,Thoughtful,Neutral,watching movies,5,Shared experiences,Personal development,graduating college,"humor, consideration, thoughtfulness",It would depend on personal circumstances but i would try to donate 10%.,"like-post: 1, 4, 8, 10","like-post: 11, 19, 20, 29"
4/21/25 20:59,5f504fd2cc049d1cbf29c40d,25-34,Male,No Religion,Black or African American,High school diploma/A-levels,English,Suburban,"$80,000 - $89,999",Moderate,"I believe COVID-19 was man-made, vaccines are unsafe or ineffective, and masks don't provide meaningful protection",Spending time with family,"Integrity, Compassion, Independence, Community","Introverted, Thoughtful, Analytical","Confident, Friendly, Reserved",Video Games,3,"Trust, Loyalty",Family,Enjoying life with my parents as they get older.,I value loyalty the most because I can trust a loyal person.,Save it,like: [10],"comment: [26], very interesting history"
4/21/25 21:14,66465999853f99e3f05d5b3a,25-34,Female,Christianity,White or Caucasian,High school diploma/A-levels,English,Suburban,"$30,000 - $39,999",Moderate,"I believe COVID-19 was a naturally occurring virus, vaccines are generally safe and effective, and masks help reduce transmission",Hobbies,Integrity,Outgoing,"Reserved, Neutral",Gardening,4,"Trust, Shared experiences",Financial stability,Meeting my spouse,Honesty,Make a payment on my credit card. ,like-post: 6,ignore
4/21/25 21:38,5dce29700ad506063969a4a5,35-44,Female,Christianity,White or Caucasian,High school diploma/A-levels,English,Rural,"$30,000 - $39,999",Conservative,"I believe COVID-19 was man-made, vaccines are unsafe or ineffective, and masks don't provide meaningful protection",Work,Compassion,Thoughtful,Friendly,I love to collect celebrity autographs.,4,"Trust, Fun",Financial stability,I had a set of twin boys.,honesty,Spend it on my family,"Like post 2,4,9,10
Share post 4,10 
Comment on post 4. The democrats still doesn't have a message.","like: 12,13,19
share: 29,30
comment:  29: Thats so sad that the familes have to suffer twice."
4/22/25 0:58,67d8cc0a703c167f5f7daf8b,25-34,Female,Christianity,Black or African American,Graduate degree (MA/MSc/MPhil/other),English,Suburban,"$20,000 - $29,999",Conservative,"I believe COVID-19 was man-made, vaccines are unsafe or ineffective, and masks don't provide meaningful protection",Spending time with family,"Integrity, Compassion","Extroverted, Thoughtful, Outgoing",Reserved,Reading,3,"Trust, Loyalty, Intellectual connection",Family,Getting married,Trustworthiness and loyalty,Help someone who is in need ,"like-post: 1, 3, 7, 8
share-post: 
comment-post: 
add-note: ","like-post: 12, 13, 19, 22
share-post: 
comment-post: 
add-note: "